hanja,kor,radical,radical_name,stroke_count,level,rep_pron
加,더할 가,力,힘 력,5,50,가
可,옳을 가,口,입 구,5,50,가
佳,아름다울 가,人,사람 인,8,31,가
架,시렁 가,木,나무 목,9,31,가
家,집 가,宀,집 면,10,71,가
假,거짓 가,人,사람 인,11,41,가
街,거리 가,行,다닐 행|항렬 항,12,41,가
暇,틈/겨를 가,日,날 일,13,40,가
歌,노래 가,欠,하품 흠,14,70,가
價,값 가,人,사람 인,15,51,가
各,각각 각,口,입 구,6,61,각
角,뿔 각,角,뿔 각,7,61,각
却,물리칠 각,卩,병부 절,7,30,각
刻,새길 각,刀,칼 도,8,40,각
脚,다리 각,肉,고기 육,11,31,각
閣,집 각,門,문 문,14,31,각
覺,깨달을 각,見,볼 견|뵈올 현,20,40,각
干,방패 간,干,방패 간,3,40,간
刊,새길 간,刀,칼 도,5,31,간
肝,간 간,肉,고기 육,7,31,간
姦,간음할 간,女,계집 녀,9,30,간
看,볼 간,目,눈 목,9,40,간
間,사이 간,門,문 문,12,71,간
幹,줄기 간,干,방패 간,13,31,간
懇,간절할 간,心,마음 심,17,31,간
簡,대쪽/간략할 간,竹,대 죽,18,40,간
渴,목마를 갈,水,물 수,12,30,갈
甘,달 감,甘,달 감,5,40,감
敢,감히/구태여 감,攴,칠 복,12,40,감
減,덜 감,水,물 수,12,41,감
感,느낄 감,心,마음 심,13,60,감
監,볼 감,皿,그릇 명,14,41,감
鑑,거울 감,金,쇠 금|성 김,22,31,감
甲,갑옷 갑,田,밭 전,5,40,갑
江,강 강,水,물 수,6,71,강
降,내릴 강|항복할 항,阜,언덕 부,9,40,강
剛,굳셀 강,刀,칼 도,10,31,강
強,강할 강,弓,활 궁,11,60,강
康,편안 강,广,집 엄,11,41,강
綱,벼리 강,糸,실 사|가는실 멱,14,31,강
鋼,강철 강,金,쇠 금|성 김,16,31,강
講,욀 강,言,말씀 언,17,41,강
介,낄 개,人,사람 인,4,31,개
改,고칠 개,攴,칠 복,7,50,개
皆,다 개,白,흰 백,9,30,개
個,낱 개,人,사람 인,10,41,개
開,열 개,門,문 문,12,60,개
慨,슬퍼할 개,心,마음 심,14,30,개
蓋,덮을 개,艸,풀 초,14,31,개
槪,대개 개,木,나무 목,15,31,개
客,손 객,宀,집 면,9,51,객
去,갈 거,厶,사사 사,5,50,거
巨,클 거,工,장인 공,5,40,거
拒,막을 거,手,손 수,8,40,거
居,살 거,尸,주검 시,8,40,거
距,상거할 거,足,발 족 / 족할 족,12,31,거
據,근거 거,手,손 수,16,40,거
擧,들 거,手,손 수,18,50,거
件,물건 건,人,사람 인,6,50,건
建,세울 건,廴,길게걸을 인,9,50,건
健,굳셀 건,人,사람 인,11,50,건
乾,하늘/마를 건,乙,둘째 천간 을,11,31,건
乞,빌 걸,乙,둘째 천간 을,3,30,걸
傑,뛰어날 걸,人,사람 인,12,40,걸
劍,칼 검,刀,칼 도,15,31,검
儉,검소할 검,人,사람 인,15,40,검
檢,검사할 검,木,나무 목,17,41,검
格,격식 격,木,나무 목,10,51,격
隔,사이뜰 격,阜,언덕 부,13,31,격
激,격할 격,水,물 수,16,40,격
擊,칠 격,手,손 수,17,40,격
犬,개 견,犬,개 견,4,40,견
見,볼 견|뵈올 현,見,볼 견|뵈올 현,7,51,견
肩,어깨 견,肉,고기 육,8,30,견
牽,이끌/끌 견,牛,소 우,11,30,견
堅,굳을 견,土,흙 토,11,40,견
絹,비단 견,糸,실 사|가는실 멱,13,30,견
遣,보낼 견,辵,쉬엄쉬엄갈 착,14,30,견
決,결단할 결,水,물 수,7,51,결
缺,이지러질 결,缶,장군 부,10,41,결
訣,이별할 결,言,말씀 언,11,31,결
結,맺을 결,糸,실 사|가는실 멱,12,51,결
潔,깨끗할 결,水,물 수,15,41,결
兼,겸할 겸,八,여덟 팔,10,31,겸
謙,겸손할 겸,言,말씀 언,17,31,겸
更,고칠 경|다시 갱,曰,가로 왈,7,40,경
京,서울 경,亠,돼지해머리 두,8,60,경
庚,별 경,广,집 엄,8,30,경
徑,지름길/길 경,彳,조금걸을 척,10,31,경
耕,밭갈 경,耒,가래 뢰,10,31,경
竟,마침내 경,立,설 립,11,30,경
頃,이랑/잠깐 경,頁,머리 혈,11,31,경
景,볕 경,日,날 일,12,50,경
卿,벼슬 경,卩,병부 절,12,30,경
硬,굳을 경,石,돌 석,12,31,경
敬,공경 경,攴,칠 복,13,51,경
傾,기울 경,人,사람 인,13,40,경
經,지날/글 경,糸,실 사|가는실 멱,13,41,경
輕,가벼울 경,車,수레 거/차,14,50,경
境,지경 경,土,흙 토,14,41,경
慶,경사 경,心,마음 심,15,41,경
鏡,거울 경,金,쇠 금|성 김,19,40,경
競,다툴 경,立,설 립,20,50,경
警,깨우칠 경,言,말씀 언,20,41,경
驚,놀랄 경,馬,말 마,23,40,경
系,이어맬 계,糸,실 사|가는실 멱,7,40,계
戒,경계할 계,戈,창 과,7,40,계
季,계절 계,子,아들 자,8,40,계
界,지경 계,田,밭 전,9,61,계
計,셀 계,言,말씀 언,9,61,계
癸,북방/천간 계,癶,등질 발,9,30,계
契,맺을 계,大,큰 대,9,31,계
係,맬 계,人,사람 인,9,41,계
桂,계수나무 계,木,나무 목,10,31,계
啓,열 계,口,입 구,11,31,계
械,기계 계,木,나무 목,11,31,계
階,섬돌 계,阜,언덕 부,12,40,계
溪,시내 계,水,물 수,13,31,계
繫,맬 계,糸,실 사|가는실 멱,19,30,계
繼,이을 계,糸,실 사|가는실 멱,20,40,계
鷄,닭 계,鳥,새 조,21,40,계
古,예 고,口,입 구,5,60,고
考,생각할 고,老,늙을 로,6,50,고
告,고할 고,口,입 구,7,51,고
固,굳을 고,囗,에워쌀 위|나라 국,8,50,고
姑,시어미 고,女,계집 녀,8,31,고
孤,외로울 고,子,아들 자,8,40,고
苦,쓸 고,艸,풀 초,9,60,고
枯,마를 고,木,나무 목,9,30,고
故,연고 고,攴,칠 복,9,41,고
高,높을 고,高,높을 고,10,61,고
庫,곳집 고,广,집 엄,10,40,고
鼓,북 고,鼓,북 고,13,31,고
稿,원고/볏짚 고,禾,벼 화,15,31,고
顧,돌아볼 고,頁,머리 혈,21,30,고
曲,굽을 곡,曰,가로 왈,6,50,곡
谷,골 곡,谷,골 곡,7,31,곡
哭,울 곡,口,입 구,10,31,곡
穀,곡식 곡,禾,벼 화,15,40,곡
困,곤할 곤,囗,에워쌀 위|나라 국,7,40,곤
坤,땅 곤,土,흙 토,8,30,곤
骨,뼈 골,骨,뼈 골,10,40,골
工,장인 공,工,장인 공,3,71,공
公,공평할 공,八,여덟 팔,4,61,공
孔,구멍 공,子,아들 자,4,40,공
功,공 공,力,힘 력,5,61,공
共,한가지 공,八,여덟 팔,6,61,공
攻,칠 공,攴,칠 복,7,40,공
空,빌 공,穴,굴 혈,8,71,공
供,이바지할 공,人,사람 인,8,31,공
貢,바칠 공,貝,조개 패,10,31,공
恐,두려울 공,心,마음 심,10,31,공
恭,공손할 공,心,마음 심,10,31,공
果,실과 과,木,나무 목,8,61,과
科,과목 과,禾,벼 화,9,61,과
過,지날 과,辵,쉬엄쉬엄갈 착,13,51,과
誇,자랑할 과,言,말씀 언,13,31,과
寡,적을 과,宀,집 면,14,31,과
課,공부할/과정 과,言,말씀 언,15,51,과
郭,둘레/외성 곽,邑,고을 읍,11,30,곽
官,벼슬 관,宀,집 면,8,41,관
冠,갓 관,冖,덮을 멱,9,31,관
貫,꿸 관,貝,조개 패,11,31,관
慣,익숙할 관,心,마음 심,14,31,관
管,대롱/주관할 관,竹,대 죽,14,40,관
寬,너그러울 관,宀,집 면,15,31,관
館,집 관,食,밥/먹을 식,17,31,관
關,관계할 관,門,문 문,19,51,관
觀,볼 관,見,볼 견|뵈올 현,25,51,관
光,빛 광,儿,어진사람 인,6,61,광
狂,미칠 광,犬,개 견,7,31,광
廣,넓을 광,广,집 엄,15,51,광
鑛,쇳돌 광,金,쇠 금|성 김,23,40,광
掛,걸 괘,手,손 수,11,30,괘
怪,괴이할 괴,心,마음 심,8,31,괴
塊,흙덩이 괴,土,흙 토,13,30,괴
愧,부끄러울 괴,心,마음 심,13,30,괴
壞,무너질 괴,土,흙 토,19,31,괴
巧,공교할 교,工,장인 공,5,31,교
交,사귈 교,亠,돼지해머리 두,6,60,교
郊,들 교,邑,고을 읍,9,30,교
校,학교 교,木,나무 목,10,80,교
敎,가르칠 교,攴,칠 복,11,80,교
較,견줄/비교할 교,車,수레 거/차,13,31,교
橋,다리 교,木,나무 목,16,50,교
矯,바로잡을 교,矢,화살 시,17,30,교
九,아홉 구,乙,둘째 천간 을,2,80,구
口,입 구,口,입 구,3,70,구
久,오랠 구,丿,삐침 별,3,31,구
丘,언덕 구,一,한 일,5,31,구
句,글귀 구,口,입 구,5,41,구
求,구할 구,水,물 수,7,41,구
究,연구할 구,穴,굴 혈,7,41,구
具,갖출 구,八,여덟 팔,8,51,구
狗,개 구,犬,개 견,8,30,구
拘,잡을 구,手,손 수,8,31,구
苟,진실로/구차할 구,艸,풀 초,9,30,구
俱,함께 구,人,사람 인,10,30,구
球,공 구,玉,구슬 옥,11,61,구
區,구분할/지경 구,匸,감출 혜,11,60,구
救,구원할 구,攴,칠 복,11,50,구
構,얽을 구,木,나무 목,14,40,구
舊,예 구,臼,절구 구,18,51,구
驅,몰 구,馬,말 마,21,30,구
懼,두려워할 구,心,마음 심,21,30,구
局,판 국,尸,주검 시,7,51,국
國,나라 국,囗,에워쌀 위|나라 국,11,80,국
菊,국화 국,艸,풀 초,12,31,국
君,임금 군,口,입 구,7,40,군
軍,군사 군,車,수레 거/차,9,80,군
郡,고을 군,邑,고을 읍,10,60,군
群,무리 군,羊,양 양,13,40,군
屈,굽힐 굴,尸,주검 시,8,40,굴
弓,활 궁,弓,활 궁,3,31,궁
宮,집 궁,宀,집 면,10,41,궁
窮,다할/궁할 궁,穴,굴 혈,15,40,궁
券,문서 권,刀,칼 도,8,40,권
卷,책 권,卩,병부 절,8,40,권
拳,주먹 권,手,손 수,10,31,권
勸,권할 권,力,힘 력,20,40,권
權,권세 권,木,나무 목,21,41,권
厥,그 궐,厂,기슭 한,12,30,궐
軌,바퀴자국 궤,車,수레 거/차,9,30,궤
鬼,귀신 귀,鬼,귀신 귀,10,31,귀
貴,귀할 귀,貝,조개 패,12,50,귀
龜,거북 구|거북 귀|터질 균,龜,거북 구/귀|터질 균,16,30,귀
歸,돌아갈 귀,止,그칠 지,18,40,귀
叫,부르짖을 규,口,입 구,5,30,규
糾,얽을 규,糸,실 사|가는실 멱,8,30,규
規,법 규,見,볼 견|뵈올 현,11,50,규
均,고를 균,土,흙 토,7,40,균
菌,버섯 균,艸,풀 초,12,31,균
克,이길 극,儿,어진사람 인,7,31,극
極,다할/극진할 극,木,나무 목,13,41,극
劇,심할 극,刀,칼 도,15,40,극
斤,근/날 근,斤,근/날 근,4,30,근
近,가까울 근,辵,쉬엄쉬엄갈 착,8,60,근
根,뿌리 근,木,나무 목,10,60,근
筋,힘줄 근,竹,대 죽,12,40,근
僅,겨우 근,人,사람 인,13,30,근
勤,부지런할 근,力,힘 력,13,40,근
謹,삼갈 근,言,말씀 언,18,30,근
今,이제 금,人,사람 인,4,61,금
金,쇠 금|성 김,金,쇠 금|성 김,8,80,금
琴,거문고 금,玉,구슬 옥,12,31,금
禽,새 금,禸,발자국 유,13,31,금
禁,금할 금,示,보일 시,13,41,금
錦,비단 금,金,쇠 금|성 김,16,31,금
及,미칠 급,又,또 우,4,31,급
急,급할 급,心,마음 심,9,61,급
級,등급 급,糸,실 사|가는실 멱,10,60,급
給,줄 급,糸,실 사|가는실 멱,12,50,급
肯,즐길 긍,肉,고기 육,8,30,긍
己,몸 기,己,몸 기,3,51,기
企,꾀할 기,人,사람 인,6,31,기
汽,물끓는김 기,水,물 수,7,50,기
技,재주 기,手,손 수,7,50,기
忌,꺼릴 기,心,마음 심,7,30,기
其,그 기,八,여덟 팔,8,31,기
奇,기특할 기,大,큰 대,8,40,기
祈,빌 기,示,보일 시,9,31,기
紀,벼리 기,糸,실 사|가는실 멱,9,40,기
氣,기운 기,气,기운 기,10,71,기
記,기록할 기,言,말씀 언,10,71,기
豈,어찌 기,豆,콩 두,10,30,기
起,일어날 기,走,달릴 주,10,41,기
基,터 기,土,흙 토,11,51,기
旣,이미 기,无,없을 무,11,30,기
飢,주릴 기,食,밥/먹을 식,11,30,기
寄,부칠 기,宀,집 면,11,40,기
期,기약할 기,月,달 월,12,50,기
棄,버릴 기,木,나무 목,12,30,기
欺,속일 기,欠,하품 흠,12,30,기
幾,몇 기,幺,작을 요,12,30,기
旗,기 기,方,모 방,14,70,기
畿,경기 기,田,밭 전,15,31,기
機,틀 기,木,나무 목,16,40,기
器,그릇 기,口,입 구,16,41,기
騎,말탈 기,馬,말 마,18,31,기
緊,긴할 긴,糸,실 사|가는실 멱,14,31,긴
吉,길할 길,口,입 구,6,50,길
那,어찌 나,邑,고을 읍,7,30,나
諾,허락할 낙,言,말씀 언,16,31,낙
暖,따뜻할 난,日,날 일,13,41,난
難,어려울 난,隹,새 추,19,41,난
男,사내 남,田,밭 전,7,71,남
南,남녘 남,十,열 십,9,80,남
納,들일 납,糸,실 사|가는실 멱,10,40,납
乃,이에 내,丿,삐침 별,2,30,내
內,안 내,入,들 입,4,71,내
奈,어찌 내,大,큰 대,8,30,내
耐,견딜 내,而,말이을 이,9,31,내
女,계집 녀,女,계집 녀,3,80,녀
年,해 년,干,방패 간,6,80,년
念,생각 념,心,마음 심,8,51,념
寧,편안 녕,宀,집 면,14,31,녕
奴,종 노,女,계집 녀,5,31,노
努,힘쓸 노,力,힘 력,7,41,노
怒,성낼 노,心,마음 심,9,41,노
農,농사 농,辰,별 진|때 신,13,71,농
惱,번뇌할 뇌,心,마음 심,12,30,뇌
腦,골/뇌수 뇌,肉,고기 육,13,31,뇌
能,능할 능,肉,고기 육,10,51,능
泥,진흙 니,水,물 수,8,31,니
多,많을 다,夕,저녁 석,6,60,다
丹,붉을 단,丶,점 주,4,31,단
旦,아침 단,日,날 일,5,31,단
但,다만 단,人,사람 인,7,31,단
段,층계 단,殳,창 수,9,40,단
短,짧을 단,矢,화살 시,12,61,단
團,둥글 단,囗,에워쌀 위|나라 국,14,51,단
端,끝 단,立,설 립,14,41,단
壇,단 단,土,흙 토,16,50,단
檀,박달나무 단,木,나무 목,17,41,단
斷,끊을 단,斤,근/날 근,18,41,단
達,통달할 달,辵,쉬엄쉬엄갈 착,13,41,달
淡,맑을 담,水,물 수,11,31,담
談,말씀 담,言,말씀 언,15,50,담
擔,멜 담,手,손 수,16,41,담
畓,논 답,田,밭 전,9,30,답
答,대답 답,竹,대 죽,12,71,답
踏,밟을 답,足,발 족 / 족할 족,15,31,답
唐,당나라/당황할 당,口,입 구,10,31,당
堂,집 당,土,흙 토,11,61,당
當,마땅 당,田,밭 전,13,51,당
糖,엿 당,米,쌀 미,16,31,당
黨,무리 당,黑,검을 흑,20,41,당
大,큰 대,大,큰 대,3,80,대
代,대신할 대,人,사람 인,5,61,대
待,기다릴 대,彳,조금걸을 척,9,60,대
帶,띠 대,巾,수건 건,11,41,대
貸,빌릴/뀔 대,貝,조개 패,12,31,대
隊,무리 대,阜,언덕 부,12,41,대
對,대할 대,寸,마디 촌,14,61,대
臺,대 대,至,이를 지,14,31,대
德,큰 덕,彳,조금걸을 척,15,51,덕
刀,칼 도,刀,칼 도,2,31,도
到,이를 도,刀,칼 도,8,51,도
度,법도 도|헤아릴 탁,广,집 엄,9,60,도
挑,돋울 도,手,손 수,9,30,도
島,섬 도,山,메 산,10,50,도
桃,복숭아 도,木,나무 목,10,31,도
倒,넘어질 도,人,사람 인,10,31,도
徒,무리 도,彳,조금걸을 척,10,40,도
逃,도망할 도,辵,쉬엄쉬엄갈 착,10,40,도
陶,질그릇 도,阜,언덕 부,11,31,도
途,길 도,辵,쉬엄쉬엄갈 착,11,31,도
都,도읍 도,邑,고을 읍,12,50,도
渡,건널 도,水,물 수,12,31,도
盜,도둑 도,皿,그릇 명,12,40,도
道,길 도,辵,쉬엄쉬엄갈 착,13,71,도
跳,뛸 도,足,발 족 / 족할 족,13,30,도
塗,칠할 도,土,흙 토,13,30,도
圖,그림 도,囗,에워쌀 위|나라 국,14,61,도
稻,벼 도,禾,벼 화,15,30,도
導,인도할 도,寸,마디 촌,16,41,도
毒,독 독,毋,말 무,9,41,독
督,감독할 독,目,눈 목,13,41,독
獨,홀로 독,犬,개 견,16,51,독
篤,도타울 독,竹,대 죽,16,30,독
讀,읽을 독|구절 두,言,말씀 언,22,61,독
豚,돼지 돈,豕,돼지 시,11,30,돈
敦,도타울 돈,攴,칠 복,12,30,돈
突,갑자기 돌,穴,굴 혈,9,31,돌
冬,겨울 동,冫,얼음 빙,5,70,동
同,한가지 동,口,입 구,6,70,동
東,동녘 동,木,나무 목,8,80,동
洞,골 동|밝을 통,水,물 수,9,70,동
凍,얼 동,冫,얼음 빙,10,31,동
動,움직일 동,力,힘 력,11,71,동
童,아이 동,立,설 립,12,61,동
銅,구리 동,金,쇠 금|성 김,14,41,동
斗,말 두,斗,말 두,4,41,두
豆,콩 두,豆,콩 두,7,41,두
頭,머리 두,頁,머리 혈,16,60,두
屯,진칠 둔,屮,싹날 철,4,30,둔
鈍,둔할 둔,金,쇠 금|성 김,12,30,둔
得,얻을 득,彳,조금걸을 척,11,41,득
登,오를 등,癶,등질 발,12,70,등
等,무리 등,竹,대 죽,12,61,등
燈,등 등,火,불 화,16,41,등
騰,오를 등,馬,말 마,20,30,등
羅,벌릴 라,网,그물 망,19,41,라
絡,이을/얽을 락,糸,실 사|가는실 멱,12,31,락
落,떨어질 락,艸,풀 초,13,50,락
樂,즐길 락|노래 악|좋아할 요,木,나무 목,15,61,락
卵,알 란,卩,병부 절,7,40,란
亂,어지러울 란,乙,둘째 천간 을,13,40,란
欄,난간 란,木,나무 목,21,31,란
蘭,난초 란,艸,풀 초,21,31,란
濫,넘칠 람,水,물 수,17,30,람
覽,볼 람,見,볼 견|뵈올 현,21,40,람
娘,계집 낭,女,계집 녀,10,31,랑
浪,물결 랑,水,물 수,10,31,랑
郞,사내 랑,邑,고을 읍,10,31,랑
朗,밝을 랑,月,달 월,11,51,랑
廊,사랑채/행랑 랑,广,집 엄,13,31,랑
來,올 래,人,사람 인,8,70,래
冷,찰 랭,冫,얼음 빙,7,50,랭
掠,노략질할 략,手,손 수,11,30,략
略,간략할/약할 략,田,밭 전,11,40,략
良,어질 량,艮,괘이름 간,7,51,량
兩,두 량,入,들 입,8,41,량
涼,서늘할 량,水,물 수,11,31,량
梁,들보/돌다리 량,木,나무 목,11,31,량
量,헤아릴 량,里,마을 리,12,50,량
諒,살펴알/믿을 량,言,말씀 언,15,30,량
糧,양식 량,米,쌀 미,18,40,량
旅,나그네 려,方,모 방,10,51,려
慮,생각할 려,心,마음 심,15,40,려
勵,힘쓸 려,力,힘 력,17,31,려
麗,고울 려,鹿,사슴 록,19,41,려
力,힘 력,力,힘 력,2,71,력
歷,지날 력,止,그칠 지,16,51,력
曆,책력 력,日,날 일,16,31,력
連,이을 련,辵,쉬엄쉬엄갈 착,11,41,련
練,익힐 련,糸,실 사|가는실 멱,15,51,련
憐,불쌍히여길 련,心,마음 심,15,30,련
蓮,연꽃 련,艸,풀 초,15,31,련
鍊,쇠불릴/단련할 련,金,쇠 금|성 김,17,31,련
聯,연이을 련,耳,귀 이,17,31,련
戀,그리워할/그릴 련,心,마음 심,23,31,련
劣,못할 렬,力,힘 력,6,30,렬
列,벌릴 렬,刀,칼 도,6,41,렬
烈,매울 렬,火,불 화,10,40,렬
裂,찢어질 렬,衣,옷 의,12,31,렬
廉,청렴할 렴,广,집 엄,13,30,렴
獵,사냥 렵,犬,개 견,18,30,렵
令,하여금 령,人,사람 인,5,50,령
零,떨어질/영 령,雨,비 우,13,30,령
領,거느릴 령,頁,머리 혈,14,50,령
嶺,고개 령,山,메 산,17,31,령
靈,신령 령,雨,비 우,24,31,령
例,법식 례,人,사람 인,8,60,례
隷,종 례,隶,미칠 이/대,16,30,례
禮,예도 례,示,보일 시,18,60,례
老,늙을 로,老,늙을 로,6,70,로
勞,일할 로,力,힘 력,12,51,로
路,길 로,足,발 족 / 족할 족,13,60,로
爐,화로 로,火,불 화,20,31,로
露,이슬 로,雨,비 우,21,31,로
鹿,사슴 록,鹿,사슴 록,11,30,록
祿,녹 록,示,보일 시,13,31,록
綠,푸를 록,糸,실 사|가는실 멱,14,60,록
錄,기록할 록,金,쇠 금|성 김,16,41,록
論,논할 론,言,말씀 언,15,41,론
弄,희롱할 롱,廾,받들 공,7,31,롱
雷,우레 뢰,雨,비 우,13,31,뢰
賴,의뢰할 뢰,貝,조개 패,16,31,뢰
了,마칠 료,亅,갈고리 궐,2,30,료
料,헤아릴 료,斗,말 두,10,50,료
僚,동료 료,人,사람 인,14,30,료
龍,용 룡,龍,용 룡,16,40,룡
淚,눈물 루,水,물 수,11,30,루
累,여러/자주 루,糸,실 사|가는실 멱,11,31,루
屢,여러 루,尸,주검 시,14,30,루
漏,샐 루,水,물 수,14,31,루
樓,다락 루,木,나무 목,15,31,루
柳,버들 류,木,나무 목,9,40,류
流,흐를 류,水,물 수,10,51,류
留,머무를 류,田,밭 전,10,41,류
類,무리 류,頁,머리 혈,19,51,류
六,여섯 륙,八,여덟 팔,4,80,륙
陸,뭍 륙,阜,언덕 부,11,51,륙
倫,인륜 륜,人,사람 인,10,31,륜
輪,바퀴 륜,車,수레 거/차,15,40,륜
律,법칙 률,彳,조금걸을 척,9,41,률
栗,밤 률,木,나무 목,10,31,률
率,비율 률|거느릴 솔,玄,검을 현,11,31,률
隆,높을 륭,阜,언덕 부,12,31,륭
陵,언덕 릉,阜,언덕 부,11,31,릉
吏,벼슬아치/관리 리,口,입 구,6,31,리
里,마을 리,里,마을 리,7,70,리
利,이할 리,刀,칼 도,7,61,리
李,오얏/성 리,木,나무 목,7,60,리
理,다스릴 리,玉,구슬 옥,11,61,리
梨,배 리,木,나무 목,11,30,리
裏,속 리,衣,옷 의,13,31,리
履,밟을 리,尸,주검 시,15,31,리
離,떠날 리,隹,새 추,19,40,리
隣,이웃 린,阜,언덕 부,15,30,린
林,수풀 림,木,나무 목,8,70,림
臨,임할 림,臣,신하 신,17,31,림
立,설 립,立,설 립,5,71,립
馬,말 마,馬,말 마,10,50,마
麻,삼 마,麻,삼 마,11,31,마
磨,갈 마,石,돌 석,16,31,마
莫,없을 막,艸,풀 초,11,31,막
漠,넓을 막,水,물 수,14,31,막
幕,장막 막,巾,수건 건,14,31,막
晚,늦을 만,日,날 일,11,31,만
萬,일만 만,艸,풀 초,13,80,만
慢,거만할 만,心,마음 심,14,30,만
漫,흩어질 만,水,물 수,14,30,만
滿,찰 만,水,물 수,14,41,만
末,끝 말,木,나무 목,5,50,말
亡,망할 망,亠,돼지해머리 두,3,50,망
忙,바쁠 망,心,마음 심,6,30,망
妄,망령될 망,女,계집 녀,6,31,망
忘,잊을 망,心,마음 심,7,30,망
罔,없을 망,网,그물 망,8,30,망
茫,아득할 망,艸,풀 초,10,30,망
望,바랄 망,月,달 월,11,51,망
每,매양 매,毋,말 무,7,71,매
妹,누이 매,女,계집 녀,8,40,매
埋,묻을 매,土,흙 토,10,30,매
梅,매화 매,木,나무 목,11,31,매
買,살 매,貝,조개 패,12,50,매
媒,중매 매,女,계집 녀,12,31,매
賣,팔 매,貝,조개 패,15,50,매
脈,줄기 맥,肉,고기 육,10,41,맥
麥,보리 맥,麥,보리 맥,11,31,맥
孟,맏 맹,子,아들 자,8,31,맹
盲,소경/눈멀 맹,目,눈 목,8,31,맹
猛,사나울 맹,犬,개 견,11,31,맹
盟,맹세 맹,皿,그릇 명,13,31,맹
免,면할 면,儿,어진사람 인,7,31,면
面,낯 면,面,낯 면,9,70,면
勉,힘쓸 면,力,힘 력,9,40,면
眠,잘 면,目,눈 목,10,31,면
綿,솜 면,糸,실 사|가는실 멱,14,31,면
滅,꺼질/멸할 멸,水,물 수,13,31,멸
名,이름 명,口,입 구,6,71,명
命,목숨 명,口,입 구,8,70,명
明,밝을 명,日,날 일,8,61,명
冥,어두울 명,冖,덮을 멱,10,30,명
銘,새길 명,金,쇠 금|성 김,14,31,명
鳴,울 명,鳥,새 조,14,40,명
毛,터럭 모,毛,털 모,4,41,모
母,어미 모,毋,말 무,5,80,모
某,아무 모,木,나무 목,9,30,모
冒,무릅쓸 모,冂,멀 경,9,30,모
侮,업신여길 모,人,사람 인,9,30,모
募,모을/뽑을 모,力,힘 력,13,30,모
貌,모양 모,豸,벌레 치,14,31,모
暮,저물 모,日,날 일,15,30,모
慕,그릴 모,心,마음 심,15,31,모
模,본뜰 모,木,나무 목,15,40,모
謀,꾀 모,言,말씀 언,16,31,모
木,나무 목,木,나무 목,4,80,목
目,눈 목,目,눈 목,5,60,목
牧,칠 목,牛,소 우,8,41,목
睦,화목할 목,目,눈 목,13,31,목
沒,빠질 몰,水,물 수,7,31,몰
蒙,어두울 몽,艸,풀 초,14,31,몽
夢,꿈 몽,夕,저녁 석,14,31,몽
卯,토끼 묘,卩,병부 절,5,30,묘
妙,묘할 묘,女,계집 녀,7,40,묘
苗,모 묘,艸,풀 초,9,30,묘
墓,무덤 묘,土,흙 토,14,40,묘
廟,사당 묘,广,집 엄,15,30,묘
戊,천간 무,戈,창 과,5,30,무
武,호반 무,止,그칠 지,8,41,무
茂,무성할 무,艸,풀 초,9,31,무
務,힘쓸 무,力,힘 력,11,41,무
無,없을 무,火,불 화,12,50,무
貿,무역할 무,貝,조개 패,12,31,무
舞,춤출 무,舛,어그러질 천,14,40,무
霧,안개 무,雨,비 우,19,30,무
墨,먹 묵,土,흙 토,15,31,묵
默,잠잠할 묵,黑,검을 흑,16,31,묵
文,글월 문,文,글월 문,4,70,문
門,문 문,門,문 문,8,80,문
紋,무늬 문,糸,실 사|가는실 멱,10,31,문
問,물을 문,口,입 구,11,70,문
聞,들을 문,耳,귀 이,14,61,문
勿,말 물,勹,쌀 포,4,31,물
物,물건 물,牛,소 우,8,71,물
未,아닐 미,木,나무 목,5,41,미
米,쌀 미,米,쌀 미,6,60,미
尾,꼬리 미,尸,주검 시,7,31,미
味,맛 미,口,입 구,8,41,미
美,아름다울 미,羊,양 양,9,60,미
眉,눈썹 미,目,눈 목,9,30,미
迷,미혹할 미,辵,쉬엄쉬엄갈 착,10,30,미
微,작을 미,彳,조금걸을 척,13,31,미
民,백성 민,氏,각시/성씨 씨,5,80,민
敏,민첩할 민,攴,칠 복,11,30,민
憫,민망할 민,心,마음 심,15,30,민
密,빽빽할 밀,宀,집 면,11,41,밀
蜜,꿀 밀,虫,벌레 훼,14,30,밀
朴,성 박,木,나무 목,6,60,박
泊,머무를/배댈 박,水,물 수,8,30,박
拍,칠 박,手,손 수,8,40,박
迫,핍박할 박,辵,쉬엄쉬엄갈 착,9,31,박
博,넓을 박,十,열 십,12,41,박
薄,엷을 박,艸,풀 초,17,31,박
反,돌이킬/돌아올 반,又,또 우,4,61,반
半,반 반,十,열 십,5,61,반
伴,짝 반,人,사람 인,7,30,반
返,돌이킬 반,辵,쉬엄쉬엄갈 착,8,30,반
叛,배반할 반,又,또 우,9,30,반
班,나눌 반,玉,구슬 옥,10,61,반
般,가지/일반 반,舟,배 주,10,31,반
飯,밥 반,食,밥/먹을 식,13,31,반
盤,소반 반,皿,그릇 명,15,31,반
拔,뽑을 발,手,손 수,8,31,발
發,필 발,癶,등질 발,12,61,발
髮,터럭 발,髟,늘어질 표,15,40,발
方,모 방,方,모 방,4,71,방
邦,나라 방,邑,고을 읍,7,30,방
妨,방해할 방,女,계집 녀,7,40,방
防,막을 방,阜,언덕 부,7,41,방
放,놓을 방,攴,칠 복,8,61,방
芳,꽃다울 방,艸,풀 초,8,31,방
房,방 방,戶,집 호,8,41,방
倣,본뜰 방,人,사람 인,10,30,방
訪,찾을 방,言,말씀 언,11,41,방
傍,곁 방,人,사람 인,12,30,방
杯,잔 배,木,나무 목,8,30,배
拜,절 배,手,손 수,9,41,배
背,등 배,肉,고기 육,9,41,배
倍,곱 배,人,사람 인,10,50,배
配,나눌/짝 배,酉,닭 유,10,41,배
培,북돋울 배,土,흙 토,11,31,배
排,밀칠 배,手,손 수,11,31,배
輩,무리 배,車,수레 거/차,15,31,배
白,흰 백,白,흰 백,5,80,백
百,일백 백,白,흰 백,6,70,백
伯,맏 백,人,사람 인,7,31,백
番,차례 번,田,밭 전,12,60,번
煩,번거로울 번,火,불 화,13,30,번
繁,번성할 번,糸,실 사|가는실 멱,17,31,번
飜,번역할 번,飛,날 비,21,30,번
伐,칠 벌,人,사람 인,6,41,벌
罰,벌할 벌,网,그물 망,14,41,벌
凡,무릇 범,几,안석 궤,3,31,범
犯,범할 범,犬,개 견,5,40,범
範,법 범,竹,대 죽,15,40,범
法,법 법,水,물 수,8,51,법
碧,푸를 벽,石,돌 석,14,31,벽
壁,벽 벽,土,흙 토,16,41,벽
辨,분별할 변,辛,매울 신,16,30,변
邊,가 변,辵,쉬엄쉬엄갈 착,19,41,변
辯,말씀 변,辛,매울 신,21,40,변
變,변할 변,言,말씀 언,23,51,변
別,다를/나눌 별,刀,칼 도,7,60,별
丙,남녘 병,一,한 일,5,31,병
兵,병사 병,八,여덟 팔,7,51,병
病,병 병,疒,병들어기댈 녁,10,60,병
竝,나란히 병,立,설 립,10,30,병
屛,병풍 병,尸,주검 시,11,30,병
步,걸음 보,止,그칠 지,7,41,보
保,지킬 보,人,사람 인,9,41,보
補,기울 보,衣,옷 의,12,31,보
普,넓을 보,日,날 일,12,40,보
報,갚을/알릴 보,土,흙 토,12,41,보
譜,족보 보,言,말씀 언,19,31,보
寶,보배 보,宀,집 면,20,41,보
卜,점 복,卜,점 복,2,30,복
伏,엎드릴 복,人,사람 인,6,40,복
服,옷 복,月,달 월,8,60,복
復,회복할 복|다시 부,彳,조금걸을 척,12,41,복
腹,배 복,肉,고기 육,13,31,복
福,복 복,示,보일 시,14,51,복
複,겹칠 복,衣,옷 의,14,40,복
本,근본 본,木,나무 목,5,60,본
奉,받들 봉,大,큰 대,8,51,봉
封,봉할 봉,寸,마디 촌,9,31,봉
峯,봉우리 봉,山,메 산,10,31,봉
逢,만날 봉,辵,쉬엄쉬엄갈 착,11,31,봉
蜂,벌 봉,虫,벌레 훼,13,30,봉
鳳,봉새 봉,鳥,새 조,14,31,봉
父,아비 부,父,아비 부,4,80,부
夫,지아비 부,大,큰 대,4,70,부
付,부칠 부,人,사람 인,5,31,부
扶,도울 부,手,손 수,7,31,부
否,아닐 부,口,입 구,7,40,부
附,붙을 부,阜,언덕 부,8,31,부
府,마을 부,广,집 엄,8,41,부
赴,다다를/갈 부,走,달릴 주,9,30,부
負,질 부,貝,조개 패,9,40,부
浮,뜰 부,水,물 수,10,31,부
部,떼 부,邑,고을 읍,11,61,부
符,부호 부,竹,대 죽,11,31,부
副,버금 부,刀,칼 도,11,41,부
婦,며느리 부,女,계집 녀,11,41,부
富,부자 부,宀,집 면,12,41,부
腐,썩을 부,肉,고기 육,14,31,부
賦,부세 부,貝,조개 패,15,31,부
覆,덮을 부|다시 복,襾,덮을 아,18,31,부
簿,문서 부,竹,대 죽,19,31,부
北,북녘 북|달아날 배,匕,비수 비,5,80,북
分,나눌 분,刀,칼 도,4,61,분
奔,달릴 분,大,큰 대,8,31,분
紛,어지러울 분,糸,실 사|가는실 멱,10,31,분
粉,가루 분,米,쌀 미,10,40,분
墳,무덤 분,土,흙 토,15,30,분
憤,분할 분,心,마음 심,15,40,분
奮,떨칠 분,大,큰 대,16,31,분
不,아닐 불,一,한 일,4,71,불
佛,부처 불,人,사람 인,7,41,불
拂,떨칠 불,手,손 수,8,31,불
朋,벗 붕,月,달 월,8,30,붕
崩,무너질 붕,山,메 산,11,30,붕
比,견줄 비,比,견줄 비,4,50,비
妃,왕비 비,女,계집 녀,6,31,비
批,비평할 비,手,손 수,7,40,비
肥,살찔 비,肉,고기 육,8,31,비
卑,낮을 비,十,열 십,8,31,비
非,아닐 비,非,아닐 비,8,41,비
飛,날 비,飛,날 비,9,41,비
祕,숨길 비,示,보일 시,10,40,비
婢,계집종 비,女,계집 녀,11,31,비
費,쓸 비,貝,조개 패,12,50,비
備,갖출 비,人,사람 인,12,41,비
悲,슬플 비,心,마음 심,12,41,비
碑,비석 비,石,돌 석,13,40,비
鼻,코 비,鼻,코 비,14,50,비
貧,가난할 빈,貝,조개 패,11,41,빈
賓,손 빈,貝,조개 패,14,30,빈
頻,자주 빈,頁,머리 혈,16,30,빈
氷,얼음 빙,水,물 수,5,50,빙
聘,부를 빙,耳,귀 이,13,30,빙
士,선비 사,士,선비 사,3,51,사
巳,뱀 사,己,몸 기,3,30,사
四,넉 사,囗,에워쌀 위|나라 국,5,80,사
史,사기 사,口,입 구,5,51,사
仕,섬길 사,人,사람 인,5,51,사
司,맡을 사,口,입 구,5,31,사
死,죽을 사,歹,뼈앙상할 알|나쁠 대,6,60,사
寺,절 사,寸,마디 촌,6,41,사
似,닮을 사,人,사람 인,7,30,사
邪,간사할 사,邑,고을 읍,7,31,사
沙,모래 사,水,물 수,7,31,사
私,사사 사,禾,벼 화,7,40,사
事,일 사,亅,갈고리 궐,8,71,사
社,모일 사,示,보일 시,8,61,사
使,하여금/부릴 사,人,사람 인,8,60,사
祀,제사 사,示,보일 시,8,31,사
舍,집 사,舌,혀 설,8,41,사
思,생각 사,心,마음 심,9,50,사
査,조사할 사,木,나무 목,9,50,사
射,쏠 사,寸,마디 촌,10,40,사
師,스승 사,巾,수건 건,10,41,사
捨,버릴 사,手,손 수,11,30,사
蛇,긴뱀 사,虫,벌레 훼,11,31,사
斜,비낄 사,斗,말 두,11,31,사
斯,이 사,斤,근/날 근,12,30,사
詐,속일 사,言,말씀 언,12,30,사
詞,말/글 사,言,말씀 언,12,31,사
絲,실 사,糸,실 사|가는실 멱,12,40,사
寫,베낄 사,宀,집 면,15,50,사
賜,줄 사,貝,조개 패,15,30,사
謝,사례할 사,言,말씀 언,17,41,사
辭,말씀 사,辛,매울 신,19,40,사
削,깎을 삭,刀,칼 도,9,31,삭
朔,초하루 삭,月,달 월,10,30,삭
山,메 산,山,메 산,3,80,산
産,낳을 산,生,날 생,11,51,산
散,흩을 산,攴,칠 복,12,40,산
算,셈 산,竹,대 죽,14,70,산
殺,죽일 살|감할/빠를 쇄,殳,창 수,11,41,살
三,석 삼,一,한 일,3,80,삼
森,수풀 삼,木,나무 목,12,31,삼
上,윗 상,一,한 일,3,71,상
床,상 상,广,집 엄,7,41,상
尙,오히려 상,小,작을 소,8,31,상
狀,형상 상|문서 장,犬,개 견,8,41,상
相,서로 상,目,눈 목,9,51,상
桑,뽕나무 상,木,나무 목,10,31,상
商,장사 상,口,입 구,11,51,상
祥,상서 상,示,보일 시,11,30,상
常,떳떳할 상,巾,수건 건,11,41,상
喪,잃을 상,口,입 구,12,31,상
象,코끼리 상,豕,돼지 시,12,40,상
詳,자세할 상,言,말씀 언,13,31,상
傷,다칠 상,人,사람 인,13,40,상
想,생각 상,心,마음 심,13,41,상
嘗,맛볼 상,口,입 구,14,30,상
裳,치마 상,衣,옷 의,14,31,상
像,모양 상,人,사람 인,14,31,상
賞,상줄 상,貝,조개 패,15,50,상
霜,서리 상,雨,비 우,17,31,상
償,갚을 상,人,사람 인,17,31,상
色,빛 색,色,빛 색,6,70,색
索,찾을 색|노 삭,糸,실 사|가는실 멱,10,31,색
塞,막힐 색|변방 새,土,흙 토,13,31,색
生,날 생,生,날 생,5,80,생
西,서녘 서,襾,덮을 아,6,80,서
序,차례 서,广,집 엄,7,50,서
書,글 서,曰,가로 왈,10,61,서
恕,용서할 서,心,마음 심,10,31,서
徐,천천할 서,彳,조금걸을 척,10,31,서
敍,펼 서,攴,칠 복,11,30,서
逝,갈 서,辵,쉬엄쉬엄갈 착,11,30,서
庶,여러 서,广,집 엄,11,30,서
暑,더울 서,日,날 일,13,30,서
誓,맹세할 서,言,말씀 언,14,30,서
署,마을 서,网,그물 망,14,31,서
緖,실마리 서,糸,실 사|가는실 멱,15,31,서
夕,저녁 석,夕,저녁 석,3,70,석
石,돌 석,石,돌 석,5,60,석
昔,예 석,日,날 일,8,30,석
析,쪼갤 석,木,나무 목,8,30,석
席,자리 석,巾,수건 건,10,60,석
惜,아낄 석,心,마음 심,11,31,석
釋,풀 석,釆,나눌 변,20,31,석
仙,신선 선,人,사람 인,5,51,선
先,먼저 선,儿,어진사람 인,6,80,선
宣,베풀 선,宀,집 면,9,40,선
船,배 선,舟,배 주,11,50,선
旋,돌 선,方,모 방,11,31,선
善,착할 선,口,입 구,12,50,선
單,홑 단,口,입 구,12,41,선
線,줄 선,糸,실 사|가는실 멱,15,61,선
選,가릴 선,辵,쉬엄쉬엄갈 착,16,50,선
鮮,고울 선,魚,고기/물고기 어,17,51,선
禪,선 선,示,보일 시,17,31,선
舌,혀 설,舌,혀 설,6,40,설
雪,눈 설,雨,비 우,11,61,설
設,베풀 설,言,말씀 언,11,41,설
說,말씀 설|달랠 세,言,말씀 언,14,51,설
涉,건널 섭,水,물 수,10,30,섭
攝,다스릴/잡을 섭,手,손 수,21,30,섭
成,이룰 성,戈,창 과,7,61,성
姓,성 성,女,계집 녀,8,71,성
性,성품 성,心,마음 심,8,51,성
省,살필 성|덜 생,目,눈 목,9,61,성
星,별 성,日,날 일,9,41,성
城,재 성,土,흙 토,10,41,성
盛,성할 성,皿,그릇 명,12,41,성
聖,성인 성,耳,귀 이,13,41,성
誠,정성 성,言,말씀 언,14,41,성
聲,소리 성,耳,귀 이,17,41,성
世,인간 세,一,한 일,5,71,세
洗,씻을 세,水,물 수,9,51,세
細,가늘 세,糸,실 사|가는실 멱,11,41,세
稅,세금 세,禾,벼 화,12,41,세
歲,해 세,止,그칠 지,13,51,세
勢,형세 세,力,힘 력,13,41,세
小,작을 소,小,작을 소,3,80,소
少,적을 소,小,작을 소,4,70,소
召,부를 소,口,입 구,5,30,소
所,바 소,戶,집 호,8,70,소
昭,밝을 소,日,날 일,9,30,소
消,사라질 소,水,물 수,10,61,소
笑,웃음 소,竹,대 죽,10,41,소
素,본디/흴 소,糸,실 사|가는실 멱,10,41,소
掃,쓸 소,手,손 수,11,41,소
訴,호소할 소,言,말씀 언,12,31,소
疏,소통할 소,疋,짝 필,12,31,소
蔬,나물 소,艸,풀 초,16,30,소
燒,사를 소,火,불 화,16,31,소
騷,떠들 소,馬,말 마,20,30,소
蘇,되살아날 소,艸,풀 초,20,31,소
束,묶을 속,木,나무 목,7,51,속
俗,풍속 속,人,사람 인,9,41,속
速,빠를 속,辵,쉬엄쉬엄갈 착,11,60,속
粟,조 속,米,쌀 미,12,30,속
屬,붙일 속,尸,주검 시,21,40,속
續,이을 속,糸,실 사|가는실 멱,21,41,속
孫,손자 손,子,아들 자,10,60,손
損,덜 손,手,손 수,13,40,손
松,소나무 송,木,나무 목,8,40,송
送,보낼 송,辵,쉬엄쉬엄갈 착,10,41,송
訟,송사할 송,言,말씀 언,11,31,송
頌,기릴/칭송할 송,頁,머리 혈,13,40,송
誦,욀 송,言,말씀 언,14,30,송
刷,인쇄할 쇄,刀,칼 도,8,31,쇄
鎖,쇠사슬 쇄,金,쇠 금|성 김,18,31,쇄
衰,쇠할 쇠,衣,옷 의,10,31,쇠
水,물 수,水,물 수,4,80,수
手,손 수,手,손 수,4,71,수
囚,가둘 수,囗,에워쌀 위|나라 국,5,30,수
守,지킬 수,宀,집 면,6,41,수
收,거둘 수,攴,칠 복,6,41,수
秀,빼어날 수,禾,벼 화,7,40,수
垂,드리울 수,土,흙 토,8,31,수
受,받을 수,又,또 우,8,41,수
首,머리 수,首,머리 수,9,51,수
帥,장수 수,巾,수건 건,9,31,수
殊,다를 수,歹,뼈앙상할 알|나쁠 대,10,31,수
修,닦을 수,人,사람 인,10,41,수
授,줄 수,手,손 수,11,41,수
須,모름지기 수,頁,머리 혈,12,30,수
搜,찾을 수,手,손 수,12,30,수
睡,졸음 수,目,눈 목,13,30,수
遂,드디어 수,辵,쉬엄쉬엄갈 착,13,30,수
愁,근심 수,心,마음 심,13,31,수
壽,목숨 수,士,선비 사,14,31,수
需,쓰일/쓸 수,雨,비 우,14,31,수
數,셈 수,攴,칠 복,15,70,수
誰,누구 수,言,말씀 언,15,30,수
樹,나무 수,木,나무 목,16,60,수
輸,보낼 수,車,수레 거/차,16,31,수
隨,따를 수,阜,언덕 부,16,31,수
雖,비록 수,隹,새 추,17,30,수
獸,짐승 수,犬,개 견,19,31,수
叔,아재비 숙,又,또 우,8,40,숙
宿,잘 숙|별자리 수,宀,집 면,11,51,숙
孰,누구 숙,子,아들 자,11,30,숙
淑,맑을 숙,水,물 수,11,31,숙
肅,엄숙할 숙,聿,붓 율,13,40,숙
熟,익을 숙,火,불 화,15,31,숙
旬,열흘 순,日,날 일,6,31,순
巡,돌/순행할 순,巛,내 천,7,31,순
殉,따라죽을 순,歹,뼈앙상할 알|나쁠 대,10,30,순
純,순수할 순,糸,실 사|가는실 멱,10,41,순
脣,입술 순,肉,고기 육,11,30,순
順,순할 순,頁,머리 혈,12,51,순
循,돌 순,彳,조금걸을 척,12,30,순
瞬,눈깜짝일 순,目,눈 목,17,31,순
戌,개 술,戈,창 과,6,30,술
述,펼 술,辵,쉬엄쉬엄갈 착,9,31,술
術,재주 술,行,다닐 행|항렬 항,11,61,술
崇,높을 숭,山,메 산,11,40,숭
拾,주울 습|열 십,手,손 수,9,31,습
習,익힐 습,羽,깃 우,11,60,습
濕,젖을 습,水,물 수,17,31,습
襲,엄습할 습,衣,옷 의,22,31,습
昇,오를 승,日,날 일,8,31,승
承,이을 승,手,손 수,8,41,승
乘,탈 승,丿,삐침 별,10,31,승
勝,이길 승,力,힘 력,12,60,승
僧,중 승,人,사람 인,14,31,승
市,저자 시,巾,수건 건,5,71,시
示,보일 시,示,보일 시,5,50,시
矢,화살 시,矢,화살 시,5,30,시
始,비로소 시,女,계집 녀,8,61,시
侍,모실 시,人,사람 인,8,31,시
施,베풀 시,方,모 방,9,41,시
是,이/옳을 시,日,날 일,9,41,시
時,때 시,日,날 일,10,71,시
視,볼 시,見,볼 견|뵈올 현,12,41,시
詩,시 시,言,말씀 언,13,41,시
試,시험 시,言,말씀 언,13,41,시
式,법 식,弋,주살 익,6,60,식
食,밥/먹을 식,食,밥/먹을 식,9,71,식
息,쉴 식,心,마음 심,10,41,식
植,심을 식,木,나무 목,12,70,식
飾,꾸밀 식,食,밥/먹을 식,14,31,식
識,알 식,言,말씀 언,19,51,식
申,납 신,田,밭 전,5,41,신
臣,신하 신,臣,신하 신,6,51,신
身,몸 신,身,몸 신,7,61,신
辛,매울 신,辛,매울 신,7,30,신
伸,펼 신,人,사람 인,7,30,신
信,믿을 신,人,사람 인,9,61,신
神,귀신 신,示,보일 시,10,61,신
晨,새벽 신,日,날 일,11,30,신
新,새 신,斤,근/날 근,13,61,신
愼,삼갈 신,心,마음 심,13,31,신
失,잃을 실,大,큰 대,5,60,실
室,집 실,宀,집 면,9,80,실
實,열매 실,宀,집 면,14,51,실
心,마음 심,心,마음 심,4,70,심
甚,심할 심,甘,달 감,9,31,심
深,깊을 심,水,물 수,11,41,심
尋,찾을 심,寸,마디 촌,12,30,심
審,살필 심,宀,집 면,15,31,심
十,열 십,十,열 십,2,80,십
雙,두 쌍,隹,새 추,18,31,쌍
氏,각시/성씨 씨,氏,각시/성씨 씨,4,40,씨
牙,어금니 아,牙,어금니 아,4,31,아
我,나 아,戈,창 과,7,31,아
兒,아이 아,儿,어진사람 인,8,51,아
阿,언덕 아,阜,언덕 부,8,31,아
亞,버금 아,二,두 이,8,31,아
芽,싹 아,艸,풀 초,8,31,아
雅,맑을 아,隹,새 추,12,31,아
餓,주릴 아,食,밥/먹을 식,16,30,아
岳,큰산 악,山,메 산,8,30,악
惡,악할 악|미워할 오,心,마음 심,12,51,악
安,편안 안,宀,집 면,6,71,안
岸,언덕 안,山,메 산,8,31,안
案,책상 안,木,나무 목,10,50,안
眼,눈 안,目,눈 목,11,41,안
雁,기러기 안,隹,새 추,12,30,안
顔,낯 안,頁,머리 혈,18,31,안
謁,뵐 알,言,말씀 언,16,30,알
暗,어두울 암,日,날 일,13,41,암
巖,바위 암,山,메 산,23,31,암
押,누를 압,手,손 수,8,30,압
壓,누를 압,土,흙 토,17,41,압
央,가운데 앙,大,큰 대,5,31,앙
仰,우러를 앙,人,사람 인,6,31,앙
殃,재앙 앙,歹,뼈앙상할 알|나쁠 대,9,30,앙
哀,슬플 애,口,입 구,9,31,애
涯,물가 애,水,물 수,11,30,애
愛,사랑 애,心,마음 심,13,60,애
厄,액 액,厂,기슭 한,4,30,액
液,진 액,水,물 수,11,41,액
額,이마 액,頁,머리 혈,18,40,액
也,이끼/어조사 야,乙,둘째 천간 을,3,30,야
夜,밤 야,夕,저녁 석,8,60,야
耶,어조사 야,耳,귀 이,9,30,야
野,들 야,里,마을 리,11,60,야
約,맺을 약,糸,실 사|가는실 멱,9,51,약
若,같을 약|반야 야,艸,풀 초,9,31,약
弱,약할 약,弓,활 궁,10,61,약
藥,약 약,艸,풀 초,19,61,약
躍,뛸 약,足,발 족 / 족할 족,21,30,약
羊,양 양,羊,양 양,6,41,양
洋,큰바다 양,水,물 수,9,60,양
陽,볕 양,阜,언덕 부,12,60,양
揚,날릴 양,手,손 수,12,31,양
楊,버들 양,木,나무 목,13,30,양
養,기를 양,食,밥/먹을 식,15,51,양
樣,모양 양,木,나무 목,15,40,양
壤,흙덩이 양,土,흙 토,20,31,양
讓,사양할 양,言,말씀 언,24,31,양
於,어조사 어|탄식할 오,方,모 방,8,30,어
魚,고기/물고기 어,魚,고기/물고기 어,11,50,어
御,거느릴 어,彳,조금걸을 척,12,31,어
語,말씀 어,言,말씀 언,14,70,어
漁,고기잡을 어,水,물 수,14,50,어
抑,누를 억,手,손 수,7,31,억
億,억 억,人,사람 인,15,50,억
憶,생각할 억,心,마음 심,16,31,억
言,말씀 언,言,말씀 언,7,60,언
焉,어찌 언,火,불 화,11,30,언
嚴,엄할 엄,口,입 구,20,40,엄
業,업 업,木,나무 목,13,61,업
予,나 여,亅,갈고리 궐,4,30,여
汝,너 여,水,물 수,6,30,여
如,같을 여,女,계집 녀,6,41,여
余,나 여,人,사람 인,7,30,여
與,더불/줄 여,臼,절구 구,14,40,여
餘,남을 여,食,밥/먹을 식,16,41,여
輿,수레 여,車,수레 거/차,17,30,여
亦,또 역,亠,돼지해머리 두,6,31,역
役,부릴 역,彳,조금걸을 척,7,31,역
易,바꿀 역|쉬울 이,日,날 일,8,40,역
疫,전염병 역,疒,병들어기댈 녁,9,31,역
逆,거스릴 역,辵,쉬엄쉬엄갈 착,10,41,역
域,지경 역,土,흙 토,11,40,역
譯,번역할 역,言,말씀 언,20,31,역
驛,역 역,馬,말 마,23,31,역
延,늘일 연,廴,길게걸을 인,7,40,연
沿,물따라갈/따를 연,水,물 수,8,31,연
宴,잔치 연,宀,집 면,10,31,연
軟,연할 연,車,수레 거/차,11,31,연
硏,갈 연,石,돌 석,11,41,연
然,그럴 연,火,불 화,12,70,연
鉛,납 연,金,쇠 금|성 김,13,40,연
煙,연기 연,火,불 화,13,41,연
演,펼 연,水,물 수,14,41,연
緣,인연 연,糸,실 사|가는실 멱,15,40,연
燕,제비 연,火,불 화,16,31,연
燃,탈 연,火,불 화,16,40,연
悅,기쁠 열,心,마음 심,10,31,열
熱,더울 열,火,불 화,15,50,열
閱,볼 열,門,문 문,15,30,열
炎,불꽃 염,火,불 화,8,31,염
染,물들 염,木,나무 목,9,31,염
鹽,소금 염,鹵,개펄 로,24,31,염
葉,잎 엽,艸,풀 초,13,50,엽
永,길 영,水,물 수,5,60,영
泳,헤엄칠 영,水,물 수,8,30,영
迎,맞을 영,辵,쉬엄쉬엄갈 착,8,40,영
英,꽃부리 영,艸,풀 초,9,60,영
映,비칠 영,日,날 일,9,40,영
詠,읊을 영,言,말씀 언,12,30,영
榮,영화 영,木,나무 목,14,41,영
影,그림자 영,彡,터럭 삼,15,31,영
營,경영할 영,火,불 화,17,40,영
銳,날카로울 예,金,쇠 금|성 김,15,30,예
豫,미리 예,豕,돼지 시,16,40,예
藝,재주 예,艸,풀 초,19,41,예
譽,기릴/명예 예,言,말씀 언,21,31,예
五,다섯 오,二,두 이,4,80,오
午,낮 오,十,열 십,4,71,오
汚,더러울 오,水,물 수,6,30,오
吾,나 오,口,입 구,7,30,오
娛,즐길 오,女,계집 녀,10,30,오
烏,까마귀 오,火,불 화,10,31,오
悟,깨달을 오,心,마음 심,10,31,오
嗚,슬플 오,口,입 구,13,30,오
傲,거만할 오,人,사람 인,13,30,오
誤,그르칠 오,言,말씀 언,14,41,오
玉,구슬 옥,玉,구슬 옥,5,41,옥
屋,집 옥,尸,주검 시,9,50,옥
獄,옥 옥,犬,개 견,14,31,옥
溫,따뜻할 온,水,물 수,13,60,온
翁,늙은이 옹,羽,깃 우,10,30,옹
擁,낄 옹,手,손 수,16,30,옹
瓦,기와 와,瓦,기와 와,5,31,와
臥,누울 와,臣,신하 신,8,30,와
完,완전할 완,宀,집 면,7,50,완
緩,느릴 완,糸,실 사|가는실 멱,15,31,완
曰,가로 왈,曰,가로 왈,4,30,왈
王,임금 왕,玉,구슬 옥,4,80,왕
往,갈 왕,彳,조금걸을 척,8,41,왕
外,바깥 외,夕,저녁 석,5,80,외
畏,두려워할 외,田,밭 전,9,30,외
要,요긴할 요,襾,덮을 아,9,51,요
腰,허리 요,肉,고기 육,13,30,요
搖,흔들 요,手,손 수,13,30,요
遙,멀 요,辵,쉬엄쉬엄갈 착,14,30,요
謠,노래 요,言,말씀 언,17,41,요
曜,빛날 요,日,날 일,18,50,요
浴,목욕할 욕,水,물 수,10,50,욕
辱,욕될 욕,辰,별 진|때 신,10,31,욕
欲,하고자할 욕,欠,하품 흠,11,31,욕
慾,욕심 욕,心,마음 심,15,31,욕
用,쓸 용,用,쓸 용,5,61,용
勇,날랠 용,力,힘 력,9,61,용
容,얼굴 용,宀,집 면,10,41,용
庸,떳떳할 용,广,집 엄,11,30,용
又,또 우,又,또 우,2,30,우
于,어조사 우,二,두 이,3,30,우
友,벗 우,又,또 우,4,51,우
牛,소 우,牛,소 우,4,50,우
尤,더욱 우,尢,절름발이 왕,4,30,우
右,오를/오른(쪽) 우,口,입 구,5,71,우
宇,집 우,宀,집 면,6,31,우
羽,깃 우,羽,깃 우,6,31,우
雨,비 우,雨,비 우,8,51,우
偶,짝 우,人,사람 인,11,31,우
郵,우편 우,邑,고을 읍,11,40,우
愚,어리석을 우,心,마음 심,13,31,우
遇,만날 우,辵,쉬엄쉬엄갈 착,13,40,우
憂,근심 우,心,마음 심,15,31,우
優,넉넉할 우,人,사람 인,17,40,우
云,이를 운,二,두 이,4,30,운
雲,구름 운,雨,비 우,12,51,운
運,옮길 운,辵,쉬엄쉬엄갈 착,13,61,운
韻,운 운,音,소리 음,19,31,운
雄,수컷 웅,隹,새 추,12,50,웅
元,으뜸 원,儿,어진사람 인,4,51,원
怨,원망할 원,心,마음 심,9,40,원
原,언덕 원,厂,기슭 한,10,50,원
院,집 원,阜,언덕 부,10,50,원
員,인원 원,口,입 구,10,41,원
援,도울 원,手,손 수,12,40,원
園,동산 원,囗,에워쌀 위|나라 국,13,60,원
源,근원 원,水,물 수,13,40,원
圓,둥글 원,囗,에워쌀 위|나라 국,13,41,원
遠,멀 원,辵,쉬엄쉬엄갈 착,14,60,원
願,원할 원,頁,머리 혈,19,50,원
月,달 월,月,달 월,4,80,월
越,넘을 월,走,달릴 주,12,31,월
危,위태할 위,卩,병부 절,6,40,위
位,자리 위,人,사람 인,7,50,위
委,맡길 위,女,계집 녀,8,40,위
胃,밥통 위,肉,고기 육,9,31,위
威,위엄 위,女,계집 녀,9,40,위
偉,클 위,人,사람 인,11,51,위
圍,에워쌀 위,囗,에워쌀 위|나라 국,12,40,위
爲,하/할 위,爪,손톱 조,12,41,위
違,어긋날 위,辵,쉬엄쉬엄갈 착,13,30,위
僞,거짓 위,人,사람 인,14,31,위
緯,씨 위,糸,실 사|가는실 멱,15,30,위
慰,위로할 위,心,마음 심,15,40,위
衛,지킬 위,行,다닐 행|항렬 항,15,41,위
謂,이를 위,言,말씀 언,16,31,위
由,말미암을 유,田,밭 전,5,60,유
幼,어릴 유,幺,작을 요,5,31,유
有,있을 유,月,달 월,6,70,유
酉,닭 유,酉,닭 유,7,30,유
油,기름 유,水,물 수,8,60,유
乳,젖 유,乙,둘째 천간 을,8,40,유
幽,그윽할 유,幺,작을 요,9,31,유
柔,부드러울 유,木,나무 목,9,31,유
唯,오직 유,口,입 구,11,30,유
惟,생각할 유,心,마음 심,11,30,유
悠,멀 유,心,마음 심,11,31,유
猶,오히려 유,犬,개 견,12,31,유
裕,넉넉할 유,衣,옷 의,12,31,유
愈,나을 유,心,마음 심,13,30,유
遊,놀 유,辵,쉬엄쉬엄갈 착,13,40,유
維,벼리 유,糸,실 사|가는실 멱,14,31,유
誘,꾈 유,言,말씀 언,14,31,유
儒,선비 유,人,사람 인,16,40,유
遺,남길 유,辵,쉬엄쉬엄갈 착,16,40,유
肉,고기 육,肉,고기 육,6,41,육
育,기를 육,肉,고기 육,8,70,육
閏,윤달 윤,門,문 문,12,30,윤
潤,불을 윤,水,물 수,15,31,윤
恩,은혜 은,心,마음 심,10,41,은
銀,은 은,金,쇠 금|성 김,14,60,은
隱,숨을 은,阜,언덕 부,17,40,은
乙,새 을,乙,둘째 천간 을,1,31,을
吟,읊을 음,口,입 구,7,30,음
音,소리 음,音,소리 음,9,61,음
淫,음란할 음,水,물 수,11,31,음
陰,그늘 음,阜,언덕 부,11,41,음
飮,마실 음,食,밥/먹을 식,13,61,음
邑,고을 읍,邑,고을 읍,7,70,읍
泣,울 읍,水,물 수,8,30,읍
凝,엉길 응,冫,얼음 빙,16,30,응
應,응할 응,心,마음 심,17,41,응
衣,옷 의,衣,옷 의,6,60,의
矣,어조사 의,矢,화살 시,7,30,의
宜,마땅 의,宀,집 면,8,30,의
依,의지할 의,人,사람 인,8,40,의
意,뜻 의,心,마음 심,13,61,의
義,옳을 의,羊,양 양,13,41,의
疑,의심할 의,疋,짝 필,14,40,의
儀,거동 의,人,사람 인,15,40,의
醫,의원 의,酉,닭 유,18,60,의
議,의논할 의,言,말씀 언,20,41,의
二,두 이,二,두 이,2,80,이
已,이미 이,己,몸 기,3,31,이
以,써 이,人,사람 인,5,51,이
耳,귀 이,耳,귀 이,6,50,이
而,말이을 이,而,말이을 이,6,30,이
夷,오랑캐 이,大,큰 대,6,30,이
異,다를 이,田,밭 전,11,40,이
移,옮길 이,禾,벼 화,11,41,이
益,더할 익,皿,그릇 명,10,41,익
翼,날개 익,羽,깃 우,17,31,익
人,사람 인,人,사람 인,2,80,인
仁,어질 인,人,사람 인,4,40,인
引,끌 인,弓,활 궁,4,41,인
因,인할 인,囗,에워쌀 위|나라 국,6,50,인
印,도장 인,卩,병부 절,6,41,인
忍,참을 인,心,마음 심,7,31,인
姻,혼인 인,女,계집 녀,9,30,인
寅,범/동방 인,宀,집 면,11,30,인
認,알 인,言,말씀 언,14,41,인
一,한 일,一,한 일,1,80,일
日,날 일,日,날 일,4,80,일
逸,편안할 일,辵,쉬엄쉬엄갈 착,12,31,일
壬,북방 임,士,선비 사,4,31,임
任,맡길 임,人,사람 인,6,51,임
賃,품삯 임,貝,조개 패,13,31,임
入,들 입,入,들 입,2,70,입
子,아들 자,子,아들 자,3,71,자
自,스스로 자,自,스스로 자,6,71,자
字,글자 자,子,아들 자,6,70,자
姉,손윗누이 자,女,계집 녀,8,40,자
者,놈 자,老,늙을 로,9,60,자
姿,모양 자,女,계집 녀,9,40,자
恣,마음대로/방자할 자,心,마음 심,10,30,자
玆,이 자,玄,검을 현,10,30,자
紫,자줏빛 자,糸,실 사|가는실 멱,12,31,자
慈,사랑 자,心,마음 심,13,31,자
資,재물 자,貝,조개 패,13,40,자
作,지을 작,人,사람 인,7,61,작
昨,어제 작,日,날 일,9,61,작
酌,술부을/잔질할 작,酉,닭 유,10,30,작
爵,벼슬 작,爪,손톱 조,18,30,작
殘,남을 잔,歹,뼈앙상할 알|나쁠 대,12,40,잔
暫,잠깐 잠,日,날 일,15,31,잠
潛,잠길 잠,水,물 수,15,31,잠
雜,섞일 잡,隹,새 추,18,40,잡
丈,어른 장,一,한 일,3,31,장
壯,장할 장,士,선비 사,7,40,장
長,긴 장,長,긴 장,8,80,장
章,글 장,立,설 립,11,60,장
莊,씩씩할 장,艸,풀 초,11,31,장
張,베풀 장,弓,활 궁,11,40,장
帳,장막 장,巾,수건 건,11,40,장
將,장수 장,寸,마디 촌,11,41,장
場,마당 장,土,흙 토,12,71,장
粧,단장할 장,米,쌀 미,12,31,장
掌,손바닥 장,手,손 수,12,31,장
葬,장사지낼 장,艸,풀 초,13,31,장
裝,꾸밀 장,衣,옷 의,13,40,장
腸,창자 장,肉,고기 육,13,40,장
障,막을 장,阜,언덕 부,14,41,장
獎,장려할 장,犬,개 견,15,40,장
墻,담 장,土,흙 토,16,30,장
藏,감출 장,艸,풀 초,18,31,장
臟,오장 장,肉,고기 육,22,31,장
才,재주 재,手,손 수,3,61,재
在,있을 재,土,흙 토,6,60,재
再,두 재,冂,멀 경,6,50,재
材,재목 재,木,나무 목,7,51,재
災,재앙 재,火,불 화,7,50,재
哉,어조사 재,口,입 구,9,30,재
財,재물 재,貝,조개 패,10,51,재
宰,재상 재,宀,집 면,10,30,재
栽,심을 재,木,나무 목,10,31,재
裁,옷마를 재,衣,옷 의,12,31,재
載,실을 재,車,수레 거/차,13,31,재
爭,다툴 쟁,爪,손톱 조,8,50,쟁
低,낮을 저,人,사람 인,7,41,저
抵,막을 저,手,손 수,8,31,저
底,밑 저,广,집 엄,8,40,저
貯,쌓을 저,貝,조개 패,12,50,저
著,나타날 저,艸,풀 초,13,31,저
赤,붉을 적,赤,붉을 적,7,50,적
的,과녁 적,白,흰 백,8,51,적
寂,고요할 적,宀,집 면,11,31,적
笛,피리 적,竹,대 죽,11,31,적
跡,발자취 적,足,발 족 / 족할 족,13,31,적
賊,도둑 적,貝,조개 패,13,40,적
滴,물방울 적,水,물 수,14,30,적
摘,딸 적,手,손 수,14,31,적
適,맞을 적,辵,쉬엄쉬엄갈 착,15,40,적
敵,대적할 적,攴,칠 복,15,41,적
積,쌓을 적,禾,벼 화,16,40,적
績,길쌈 적,糸,실 사|가는실 멱,17,40,적
蹟,자취 적,足,발 족 / 족할 족,18,31,적
籍,문서 적,竹,대 죽,20,40,적
田,밭 전,田,밭 전,5,41,전
全,온전 전,入,들 입,6,71,전
典,법 전,八,여덟 팔,8,51,전
前,앞 전,刀,칼 도,9,71,전
展,펼 전,尸,주검 시,10,51,전
專,오로지 전,寸,마디 촌,11,40,전
電,번개 전,雨,비 우,13,71,전
傳,전할 전,人,사람 인,13,51,전
殿,전각 전,殳,창 수,13,31,전
戰,싸움 전,戈,창 과,16,61,전
錢,돈 전,金,쇠 금|성 김,16,40,전
轉,구를 전,車,수레 거/차,18,40,전
切,끊을 절|온통 체,刀,칼 도,4,51,절
折,꺾을 절,手,손 수,7,40,절
絶,끊을 절,糸,실 사|가는실 멱,12,41,절
節,마디 절,竹,대 죽,15,51,절
竊,훔칠 절,穴,굴 혈,22,30,절
占,점령할/점칠 점,卜,점 복,5,40,점
店,가게 점,广,집 엄,8,51,점
漸,점점 점,水,물 수,14,31,점
點,점 점,黑,검을 흑,17,40,점
接,이을 접,手,손 수,11,41,접
蝶,나비 접,虫,벌레 훼,15,30,접
丁,고무래/장정 정,一,한 일,2,40,정
井,우물 정,二,두 이,4,31,정
正,바를 정,止,그칠 지,5,71,정
廷,조정 정,廴,길게걸을 인,7,31,정
定,정할 정,宀,집 면,8,60,정
征,칠 정,彳,조금걸을 척,8,31,정
訂,바로잡을 정,言,말씀 언,9,30,정
亭,정자 정,亠,돼지해머리 두,9,31,정
貞,곧을 정,貝,조개 패,9,31,정
政,정사 정,攴,칠 복,9,41,정
庭,뜰 정,广,집 엄,10,61,정
情,뜻 정,心,마음 심,11,51,정
停,머물 정,人,사람 인,11,50,정
淨,깨끗할 정,水,물 수,11,31,정
頂,정수리 정,頁,머리 혈,11,31,정
程,한도/길 정,禾,벼 화,12,41,정
精,정할 정,米,쌀 미,14,41,정
靜,고요할 정,靑,푸를 청,16,40,정
整,가지런할 정,攴,칠 복,16,40,정
弟,아우 제,弓,활 궁,7,80,제
制,절제할 제,刀,칼 도,8,41,제
帝,임금 제,巾,수건 건,9,40,제
除,덜 제,阜,언덕 부,10,41,제
第,차례 제,竹,대 죽,11,61,제
祭,제사 제,示,보일 시,11,41,제
堤,둑 제,土,흙 토,12,30,제
提,끌 제,手,손 수,12,41,제
齊,가지런할 제,齊,가지런할 제,14,31,제
製,지을 제,衣,옷 의,14,41,제
際,즈음/가 제,阜,언덕 부,14,41,제
諸,모두 제,言,말씀 언,16,31,제
濟,건널 제,水,물 수,17,41,제
題,제목 제,頁,머리 혈,18,61,제
弔,조상할 조,弓,활 궁,4,30,조
兆,억조 조,儿,어진사람 인,6,31,조
早,이를 조,日,날 일,6,41,조
助,도울 조,力,힘 력,7,41,조
祖,할아비 조,示,보일 시,10,70,조
租,조세 조,禾,벼 화,10,31,조
條,가지 조,木,나무 목,11,40,조
組,짤 조,糸,실 사|가는실 멱,11,40,조
鳥,새 조,鳥,새 조,11,41,조
造,지을 조,辵,쉬엄쉬엄갈 착,11,41,조
朝,아침 조,月,달 월,12,60,조
照,비칠 조,火,불 화,13,31,조
調,고를 조,言,말씀 언,15,51,조
潮,밀물/조수 조,水,물 수,15,40,조
操,잡을 조,手,손 수,16,50,조
燥,마를 조,火,불 화,17,30,조
足,발 족,足,발 족 / 족할 족,7,71,족
族,겨레 족,方,모 방,11,60,족
存,있을 존,子,아들 자,6,40,존
尊,높을 존,寸,마디 촌,12,41,존
卒,마칠 졸,十,열 십,8,51,졸
拙,졸할 졸,手,손 수,8,30,졸
宗,마루 종,宀,집 면,8,41,종
終,마칠 종,糸,실 사|가는실 멱,11,50,종
從,좇을 종,彳,조금걸을 척,11,40,종
種,씨 종,禾,벼 화,14,51,종
縱,세로 종,糸,실 사|가는실 멱,17,31,종
鍾,쇠북 종,金,쇠 금|성 김,17,40,종
左,왼 좌,工,장인 공,5,71,좌
佐,도울 좌,人,사람 인,7,30,좌
坐,앉을 좌,土,흙 토,7,31,좌
座,자리 좌,广,집 엄,10,40,좌
罪,허물 죄,网,그물 망,13,50,죄
主,임금/주인 주,丶,점 주,5,70,주
州,고을 주,巛,내 천,6,51,주
舟,배 주,舟,배 주,6,30,주
朱,붉을 주,木,나무 목,6,40,주
住,살 주,人,사람 인,7,70,주
走,달릴 주,走,달릴 주,7,41,주
注,부을 주,水,물 수,8,61,주
宙,집 주,宀,집 면,8,31,주
周,두루 주,口,입 구,8,40,주
柱,기둥 주,木,나무 목,9,31,주
奏,아뢸 주,大,큰 대,9,31,주
洲,물가 주,水,물 수,9,31,주
珠,구슬 주,玉,구슬 옥,10,31,주
株,그루 주,木,나무 목,10,31,주
酒,술 주,酉,닭 유,10,40,주
晝,낮 주,日,날 일,11,60,주
週,주일 주,辵,쉬엄쉬엄갈 착,12,51,주
鑄,쇠불릴 주,金,쇠 금|성 김,22,31,주
竹,대 죽,竹,대 죽,6,41,죽
俊,준걸 준,人,사람 인,9,30,준
準,준할 준,水,물 수,13,41,준
遵,좇을 준,辵,쉬엄쉬엄갈 착,16,30,준
中,가운데 중,丨,뚫을 곤,4,80,중
仲,버금 중,人,사람 인,6,31,중
重,무거울 중,里,마을 리,9,70,중
衆,무리 중,血,피 혈,12,41,중
卽,곧 즉,卩,병부 절,9,31,즉
症,증세 증,疒,병들어기댈 녁,10,31,증
曾,일찍 증,曰,가로 왈,12,31,증
蒸,찔 증,艸,풀 초,14,31,증
憎,미울 증,心,마음 심,15,31,증
增,더할 증,土,흙 토,15,41,증
贈,줄 증,貝,조개 패,19,30,증
證,증거 증,言,말씀 언,19,40,증
止,그칠 지,止,그칠 지,4,50,지
之,갈 지,丿,삐침 별,4,31,지
支,지탱할 지,支,지탱할 지,4,41,지
只,다만 지,口,입 구,5,30,지
地,땅 지,土,흙 토,6,70,지
池,못 지,水,물 수,6,31,지
至,이를 지,至,이를 지,6,41,지
志,뜻 지,心,마음 심,7,41,지
知,알 지,矢,화살 시,8,51,지
枝,가지 지,木,나무 목,8,31,지
持,가질 지,手,손 수,9,40,지
指,가리킬 지,手,손 수,9,41,지
紙,종이 지,糸,실 사|가는실 멱,10,70,지
智,슬기/지혜 지,日,날 일,12,40,지
誌,기록할 지,言,말씀 언,14,40,지
遲,더딜/늦을 지,辵,쉬엄쉬엄갈 착,16,30,지
直,곧을 직,目,눈 목,8,71,직
織,짤 직,糸,실 사|가는실 멱,18,40,직
職,직분 직,耳,귀 이,18,41,직
辰,별 진|때 신,辰,별 진|때 신,7,31,진
珍,보배 진,玉,구슬 옥,9,40,진
振,떨칠 진,手,손 수,10,31,진
陣,진칠 진,阜,언덕 부,10,40,진
眞,참 진,目,눈 목,10,41,진
陳,베풀/묵을 진,阜,언덕 부,11,31,진
進,나아갈 진,辵,쉬엄쉬엄갈 착,12,41,진
盡,다할 진,皿,그릇 명,14,40,진
震,우레 진,雨,비 우,15,31,진
鎭,진압할 진,金,쇠 금|성 김,18,31,진
姪,조카 질,女,계집 녀,9,30,질
疾,병 질,疒,병들어기댈 녁,10,31,질
秩,차례 질,禾,벼 화,10,31,질
質,바탕 질,貝,조개 패,15,51,질
執,잡을 집,土,흙 토,11,31,집
集,모을 집,隹,새 추,12,61,집
徵,부를 징,彳,조금걸을 척,15,31,징
懲,징계할 징,心,마음 심,19,30,징
且,또 차,一,한 일,5,30,차
此,이 차,止,그칠 지,6,31,차
次,버금 차,欠,하품 흠,6,41,차
車,수레 거|수레 차,車,수레 거/차,7,71,차
茶,차 다|차 차,艸,풀 초,10,31,차
借,빌/빌릴 차,人,사람 인,10,31,차
差,다를 차,工,장인 공,10,40,차
捉,잡을 착,手,손 수,10,30,착
着,붙을 착,目,눈 목,12,51,착
錯,어긋날 착,金,쇠 금|성 김,16,31,착
贊,도울 찬,貝,조개 패,19,31,찬
讚,기릴 찬,言,말씀 언,26,40,찬
察,살필 찰,宀,집 면,14,41,찰
參,참여할 참,厶,사사 사,11,51,참
慘,참혹할 참,心,마음 심,14,30,참
慙,부끄러워할 참,心,마음 심,15,30,참
昌,창성할 창,日,날 일,8,31,창
倉,곳집 창,人,사람 인,10,31,창
窓,창 창,穴,굴 혈,11,61,창
唱,부를 창,口,입 구,11,50,창
創,비롯할 창,刀,칼 도,12,41,창
暢,화창할 창,日,날 일,14,30,창
蒼,푸를 창,艸,풀 초,14,31,창
彩,채색 채,彡,터럭 삼,11,31,채
採,캘 채,手,손 수,11,40,채
菜,나물 채,艸,풀 초,12,31,채
債,빚 채,人,사람 인,13,31,채
冊,책 책,冂,멀 경,5,40,책
責,꾸짖을 책,貝,조개 패,11,51,책
策,꾀 책,竹,대 죽,12,31,책
妻,아내 처,女,계집 녀,8,31,처
處,곳 처,虍,호피무늬 호,11,41,처
尺,자 척,尸,주검 시,4,31,척
斥,물리칠 척,斤,근/날 근,5,30,척
刺,찌를 자|찌를 척,刀,칼 도,8,31,척
拓,넓힐 척,手,손 수,8,31,척
戚,친척 척,戈,창 과,11,31,척
千,일천 천,十,열 십,3,70,천
川,내 천,巛,내 천,3,70,천
天,하늘 천,大,큰 대,4,70,천
泉,샘 천,水,물 수,9,40,천
淺,얕을 천,水,물 수,11,31,천
踐,밟을 천,足,발 족 / 족할 족,15,31,천
賤,천할 천,貝,조개 패,15,31,천
遷,옮길 천,辵,쉬엄쉬엄갈 착,15,31,천
薦,천거할 천,艸,풀 초,17,30,천
哲,밝을 철,口,입 구,10,31,철
徹,통할 철,彳,조금걸을 척,15,31,철
鐵,쇠 철,金,쇠 금|성 김,21,50,철
尖,뾰족할 첨,小,작을 소,6,30,첨
添,더할 첨,水,물 수,11,30,첨
妾,첩 첩,女,계집 녀,8,30,첩
靑,푸를 청,靑,푸를 청,8,80,청
淸,맑을 청,水,물 수,11,61,청
晴,갤 청,日,날 일,12,30,청
請,청할 청,言,말씀 언,15,41,청
聽,들을 청,耳,귀 이,22,40,청
廳,관청 청,广,집 엄,25,40,청
逮,잡을 체,辵,쉬엄쉬엄갈 착,12,30,체
替,바꿀 체,曰,가로 왈,12,30,체
遞,갈릴 체,辵,쉬엄쉬엄갈 착,14,30,체
滯,막힐 체,水,물 수,14,31,체
體,몸 체,骨,뼈 골,23,61,체
初,처음 초,刀,칼 도,7,50,초
抄,뽑을 초,手,손 수,7,30,초
肖,닮을/같을 초,肉,고기 육,7,31,초
招,부를 초,手,손 수,8,40,초
秒,분초 초,禾,벼 화,9,30,초
草,풀 초,艸,풀 초,10,70,초
超,뛰어넘을 초,走,달릴 주,12,31,초
礎,주춧돌 초,石,돌 석,18,31,초
促,재촉할 촉,人,사람 인,9,31,촉
燭,촛불 촉,火,불 화,17,30,촉
觸,닿을 촉,角,뿔 각,20,31,촉
寸,마디 촌,寸,마디 촌,3,80,촌
村,마을 촌,木,나무 목,7,70,촌
銃,총 총,金,쇠 금|성 김,14,41,총
聰,귀밝을 총,耳,귀 이,17,30,총
總,다 총,糸,실 사|가는실 멱,17,41,총
最,가장 최,曰,가로 왈,12,50,최
催,재촉할 최,人,사람 인,13,31,최
抽,뽑을 추,手,손 수,8,30,추
秋,가을 추,禾,벼 화,9,70,추
追,쫓을/따를 추,辵,쉬엄쉬엄갈 착,10,31,추
推,밀 추,手,손 수,11,40,추
醜,추할 추,酉,닭 유,17,30,추
丑,소 축,一,한 일,4,30,축
祝,빌 축,示,보일 시,10,50,축
畜,짐승 축,田,밭 전,10,31,축
逐,쫓을 축,辵,쉬엄쉬엄갈 착,11,30,축
蓄,모을 축,艸,풀 초,14,41,축
築,쌓을 축,竹,대 죽,16,41,축
縮,줄일 축,糸,실 사|가는실 멱,17,40,축
春,봄 춘,日,날 일,9,70,춘
出,날 출,凵,입벌릴 감,5,70,출
充,채울 충,儿,어진사람 인,6,51,충
忠,충성 충,心,마음 심,8,41,충
衝,찌를 충,行,다닐 행|항렬 항,15,31,충
蟲,벌레 충,虫,벌레 훼,18,41,충
吹,불 취,口,입 구,7,31,취
取,가질 취,又,또 우,8,41,취
臭,냄새 취,自,스스로 자,10,30,취
就,나아갈 취,尢,절름발이 왕,12,40,취
醉,취할 취,酉,닭 유,15,31,취
趣,뜻 취,走,달릴 주,15,40,취
側,곁 측,人,사람 인,11,31,측
測,헤아릴 측,水,물 수,12,41,측
層,층 층,尸,주검 시,15,40,층
治,다스릴 치,水,물 수,8,41,치
致,이를 치,至,이를 지,10,50,치
値,값 치,人,사람 인,10,31,치
恥,부끄러울 치,心,마음 심,10,31,치
稚,어릴 치,禾,벼 화,13,31,치
置,둘 치,网,그물 망,13,41,치
齒,이 치,齒,이 치,15,41,치
則,법칙 칙,刀,칼 도,9,50,칙
親,친할 친,見,볼 견|뵈올 현,16,60,친
七,일곱 칠,一,한 일,2,80,칠
漆,옻 칠,水,물 수,14,31,칠
沈,잠길 침|성씨 심,水,물 수,7,31,침
枕,베개 침,木,나무 목,8,30,침
侵,침노할 침,人,사람 인,9,41,침
浸,잠길 침,水,물 수,10,31,침
針,바늘 침,金,쇠 금|성 김,10,40,침
寢,잘 침,宀,집 면,14,40,침
稱,일컬을 칭,禾,벼 화,14,40,칭
快,쾌할 쾌,心,마음 심,7,41,쾌
他,다를 타,人,사람 인,5,50,타
打,칠 타,手,손 수,5,50,타
妥,온당할 타,女,계집 녀,7,30,타
墮,떨어질 타,土,흙 토,15,30,타
托,맡길 탁,手,손 수,6,30,탁
卓,높을 탁,十,열 십,8,50,탁
濁,흐릴 탁,水,물 수,16,30,탁
濯,씻을 탁,水,물 수,17,30,탁
炭,숯 탄,火,불 화,9,50,탄
誕,낳을/거짓 탄,言,말씀 언,14,30,탄
歎,탄식할 탄,欠,하품 흠,15,40,탄
彈,탄알 탄,弓,활 궁,15,40,탄
脫,벗을 탈,肉,고기 육,11,40,탈
奪,빼앗을 탈,大,큰 대,14,31,탈
貪,탐할 탐,貝,조개 패,11,30,탐
探,찾을 탐,手,손 수,11,40,탐
塔,탑 탑,土,흙 토,13,31,탑
湯,끓일 탕,水,물 수,12,31,탕
太,클 태,大,큰 대,4,60,태
怠,게으를 태,心,마음 심,9,30,태
殆,거의 태,歹,뼈앙상할 알|나쁠 대,9,31,태
泰,클 태,水,물 수,10,31,태
態,모습 태,心,마음 심,14,41,태
宅,집 택,宀,집 면,6,51,택
澤,못 택,水,물 수,16,31,택
擇,가릴 택,手,손 수,16,40,택
土,흙 토,土,흙 토,3,80,토
吐,토할 토,口,입 구,6,31,토
兔,토끼 토,儿,어진사람 인,8,31,토
討,칠 토,言,말씀 언,10,40,토
通,통할 통,辵,쉬엄쉬엄갈 착,11,60,통
痛,아플 통,疒,병들어기댈 녁,12,40,통
統,거느릴 통,糸,실 사|가는실 멱,12,41,통
退,물러날 퇴,辵,쉬엄쉬엄갈 착,10,41,퇴
投,던질 투,手,손 수,7,40,투
透,사무칠 투,辵,쉬엄쉬엄갈 착,11,31,투
鬪,싸움 투,鬥,싸울 투,20,40,투
特,특별할 특,牛,소 우,10,60,특
把,잡을 파,手,손 수,7,30,파
波,물결 파,水,물 수,8,41,파
派,갈래 파,水,물 수,9,40,파
破,깨뜨릴 파,石,돌 석,10,41,파
頗,자못 파,頁,머리 혈,14,30,파
播,뿌릴 파,手,손 수,15,30,파
罷,마칠 파,网,그물 망,15,30,파
判,판단할 판,刀,칼 도,7,40,판
板,널 판,木,나무 목,8,50,판
版,판목 판,片,조각 편,8,31,판
販,팔 판,貝,조개 패,11,30,판
八,여덟 팔,八,여덟 팔,2,80,팔
貝,조개 패,貝,조개 패,7,30,패
敗,패할 패,攴,칠 복,11,50,패
片,조각 편,片,조각 편,4,31,편
便,편할 편|똥오줌 변,人,사람 인,9,70,편
偏,치우칠 편,人,사람 인,11,31,편
遍,두루 편,辵,쉬엄쉬엄갈 착,13,30,편
編,엮을 편,糸,실 사|가는실 멱,15,31,편
篇,책 편,竹,대 죽,15,40,편
平,평평할 평,干,방패 간,5,71,평
評,평할 평,言,말씀 언,12,40,평
肺,허파 폐,肉,고기 육,8,31,폐
閉,닫을 폐,門,문 문,11,40,폐
幣,화폐 폐,巾,수건 건,15,30,폐
廢,폐할/버릴 폐,广,집 엄,15,31,폐
弊,폐단/해질 폐,廾,받들 공,15,31,폐
蔽,덮을 폐,艸,풀 초,16,30,폐
包,쌀 포,勹,쌀 포,5,41,포
布,베/펼 포|보시 보,巾,수건 건,5,41,포
抱,안을 포,手,손 수,8,30,포
胞,세포 포,肉,고기 육,9,40,포
捕,잡을 포,手,손 수,10,31,포
浦,개 포,水,물 수,10,31,포
砲,대포 포,石,돌 석,10,41,포
飽,배부를 포,食,밥/먹을 식,14,30,포
幅,폭 폭,巾,수건 건,12,30,폭
暴,사나울 폭|모질 포,日,날 일,15,41,폭
爆,불터질 폭,火,불 화,19,40,폭
表,겉 표,衣,옷 의,8,61,표
票,표 표,示,보일 시,11,41,표
漂,떠다닐 표,水,물 수,14,30,표
標,표할 표,木,나무 목,15,40,표
品,물건 품,口,입 구,9,51,품
風,바람 풍,風,바람 풍,9,61,풍
楓,단풍 풍,木,나무 목,13,31,풍
豊,풍년 풍,豆,콩 두,13,41,풍
皮,가죽 피,皮,가죽 피,5,31,피
彼,저 피,彳,조금걸을 척,8,31,피
被,입을 피,衣,옷 의,10,31,피
疲,피곤할 피,疒,병들어기댈 녁,10,40,피
避,피할 피,辵,쉬엄쉬엄갈 착,17,40,피
匹,짝 필,匸,감출 혜,4,30,필
必,반드시 필,心,마음 심,5,51,필
畢,마칠 필,田,밭 전,11,31,필
筆,붓 필,竹,대 죽,12,51,필
下,아래 하,一,한 일,3,71,하
何,어찌 하,人,사람 인,7,31,하
河,물 하,水,물 수,8,50,하
夏,여름 하,夊,천천히걸을 쇠,10,70,하
荷,멜 하,艸,풀 초,11,31,하
賀,하례할 하,貝,조개 패,12,31,하
學,배울 학,子,아들 자,16,80,학
鶴,학 학,鳥,새 조,21,31,학
汗,땀 한,水,물 수,6,31,한
旱,가물 한,日,날 일,7,30,한
恨,한 한,心,마음 심,9,40,한
限,한할 한,阜,언덕 부,9,41,한
寒,찰 한,宀,집 면,12,50,한
閑,한가할 한,門,문 문,12,40,한
漢,한수/한나라 한,水,물 수,14,71,한
韓,한국/나라 한,韋,가죽 위,17,80,한
割,벨 할,刀,칼 도,12,31,할
含,머금을 함,口,입 구,7,31,함
咸,다 함,口,입 구,9,30,함
陷,빠질 함,阜,언덕 부,11,31,함
合,합할 합,口,입 구,6,60,합
抗,겨룰 항,手,손 수,7,40,항
巷,거리 항,己,몸 기,9,30,항
恒,항상 항,心,마음 심,9,31,항
航,배 항,舟,배 주,10,41,항
項,항목 항,頁,머리 혈,12,31,항
港,항구 항,水,물 수,12,41,항
亥,돼지 해,亠,돼지해머리 두,6,30,해
海,바다 해,水,물 수,10,71,해
害,해할 해,宀,집 면,10,51,해
奚,어찌 해,大,큰 대,10,30,해
該,갖출/마땅 해,言,말씀 언,13,30,해
解,풀 해,角,뿔 각,13,41,해
核,씨 핵,木,나무 목,10,40,핵
行,다닐 행|항렬 항,行,다닐 행|항렬 항,6,60,행
幸,다행 행,干,방패 간,8,61,행
向,향할 향,口,입 구,6,60,향
享,누릴 향,亠,돼지해머리 두,8,30,향
香,향기 향,香,향기 향,9,41,향
鄕,시골 향,邑,고을 읍,13,41,향
響,울릴 향,音,소리 음,22,31,향
許,허락할 허,言,말씀 언,11,50,허
虛,빌 허,虍,호피무늬 호,12,41,허
軒,집 헌,車,수레 거/차,10,30,헌
憲,법 헌,心,마음 심,16,40,헌
獻,드릴 헌,犬,개 견,20,31,헌
險,험할 험,阜,언덕 부,16,40,험
驗,시험 험,馬,말 마,23,41,험
革,가죽 혁,革,가죽 혁,9,40,혁
玄,검을 현,玄,검을 현,5,31,현
現,나타날 현,玉,구슬 옥,11,61,현
絃,줄 현,糸,실 사|가는실 멱,11,30,현
賢,어질 현,貝,조개 패,15,41,현
縣,고을 현,糸,실 사|가는실 멱,16,30,현
懸,달 현,心,마음 심,20,31,현
顯,나타날 현,頁,머리 혈,23,40,현
穴,굴 혈,穴,굴 혈,5,31,혈
血,피 혈,血,피 혈,6,41,혈
嫌,싫어할 혐,女,계집 녀,13,30,혐
協,화할 협,十,열 십,8,41,협
脅,위협할 협,肉,고기 육,10,31,협
兄,형 형,儿,어진사람 인,5,80,형
刑,형벌 형,刀,칼 도,6,40,형
形,모양 형,彡,터럭 삼,7,61,형
亨,형통할 형,亠,돼지해머리 두,7,30,형
螢,반딧불 형,虫,벌레 훼,16,30,형
衡,저울대 형,行,다닐 행|항렬 항,16,31,형
兮,어조사 혜,八,여덟 팔,4,30,혜
惠,은혜 혜,心,마음 심,12,41,혜
慧,슬기로울 혜,心,마음 심,15,31,혜
互,서로 호,二,두 이,4,30,호
戶,집 호,戶,집 호,4,41,호
乎,어조사 호,丿,삐침 별,5,30,호
好,좋을 호,女,계집 녀,6,41,호
虎,범 호,虍,호피무늬 호,8,31,호
呼,부를 호,口,입 구,8,41,호
胡,되 호,肉,고기 육,9,31,호
浩,넓을 호,水,물 수,10,31,호
毫,터럭 호,毛,털 모,11,30,호
湖,호수 호,水,물 수,12,50,호
號,이름 호,虍,호피무늬 호,13,60,호
豪,호걸 호,豕,돼지 시,14,31,호
護,도울 호,言,말씀 언,21,41,호
或,혹 혹,戈,창 과,8,40,혹
惑,미혹할 혹,心,마음 심,12,31,혹
昏,어두울 혼,日,날 일,8,30,혼
婚,혼인할 혼,女,계집 녀,11,40,혼
混,섞일 혼,水,물 수,11,40,혼
魂,넋 혼,鬼,귀신 귀,14,31,혼
忽,갑자기 홀,心,마음 심,8,31,홀
弘,클 홍,弓,활 궁,5,30,홍
洪,넓을 홍,水,물 수,9,31,홍
紅,붉을 홍,糸,실 사|가는실 멱,9,40,홍
鴻,기러기 홍,鳥,새 조,17,30,홍
火,불 화,火,불 화,4,80,화
化,될 화,匕,비수 비,4,51,화
禾,벼 화,禾,벼 화,5,30,화
花,꽃 화,艸,풀 초,8,70,화
和,화할 화,口,입 구,8,61,화
華,빛날 화,艸,풀 초,11,40,화
貨,재물 화,貝,조개 패,11,41,화
畫,그림 화|그을 획,田,밭 전,12,60,화
話,말씀 화,言,말씀 언,13,71,화
禍,재앙 화,示,보일 시,14,31,화
確,굳을 확,石,돌 석,15,41,확
擴,넓힐 확,手,손 수,18,30,확
穫,거둘 확,禾,벼 화,19,30,확
丸,둥글 환,丶,점 주,3,30,환
患,근심 환,心,마음 심,11,50,환
換,바꿀 환,手,손 수,12,31,환
還,돌아올 환,辵,쉬엄쉬엄갈 착,17,31,환
環,고리 환,玉,구슬 옥,17,40,환
歡,기쁠 환,欠,하품 흠,22,40,환
活,살 활,水,물 수,9,71,활
況,상황 황,水,물 수,8,40,황
皇,임금 황,白,흰 백,9,31,황
荒,거칠 황,艸,풀 초,10,31,황
黃,누를 황,黃,누를 황,12,60,황
灰,재 회,火,불 화,6,40,회
回,돌아올 회,囗,에워쌀 위|나라 국,6,41,회
悔,뉘우칠 회,心,마음 심,10,31,회
會,모일 회,曰,가로 왈,13,61,회
懷,품을 회,心,마음 심,19,31,회
劃,그을 획,刀,칼 도,14,31,획
獲,얻을 획,犬,개 견,17,31,획
橫,가로 횡,木,나무 목,16,31,횡
孝,효도 효,子,아들 자,7,71,효
效,본받을 효,攴,칠 복,10,51,효
曉,새벽 효,日,날 일,16,30,효
後,뒤 후,彳,조금걸을 척,9,71,후
侯,제후 후,人,사람 인,9,30,후
厚,두터울 후,厂,기슭 한,9,40,후
候,기후 후,人,사람 인,10,40,후
訓,가르칠 훈,言,말씀 언,10,60,훈
毁,헐 훼,殳,창 수,13,30,훼
揮,휘두를 휘,手,손 수,12,40,휘
輝,빛날 휘,車,수레 거/차,15,30,휘
休,쉴 휴,人,사람 인,6,70,휴
携,이끌 휴,手,손 수,13,30,휴
凶,흉할 흉,凵,입벌릴 감,4,51,흉
胸,가슴 흉,肉,고기 육,10,31,흉
黑,검을 흑,黑,검을 흑,12,50,흑
吸,마실 흡,口,입 구,7,41,흡
興,일 흥,臼,절구 구,16,41,흥
希,바랄 희,巾,수건 건,7,41,희
稀,드물 희,禾,벼 화,12,31,희
喜,기쁠 희,口,입 구,12,40,희
戲,놀이 희,戈,창 과,17,31,희
