hanja,kor,radical,radical_name,stroke_count,level,rep_pron
家,집 가,宀,집 면,10,준7급,가
假,거짓 가,人,사람 인,11,준4급,가
街,거리 가,行,다닐 행|항렬 항,12,준4급,가
軻,수레/사람이름 가,車,수레 거/차,12,2급,가
暇,틈/겨를 가,日,날 일,13,4급,가
歌,노래 가,欠,하품 흠,14,7급,가
價,값 가,人,사람 인,15,준5급,가
加,더할 가,力,힘 력,5,5급,가
可,옳을 가,口,입 구,5,5급,가
伽,절 가,人,사람 인,7,2급,가
佳,아름다울 가,人,사람 인,8,준3급,가
架,시렁 가,木,나무 목,9,준3급,가
柯,가지 가,木,나무 목,9,2급,가
迦,부처이름 가,辵,쉬엄쉬엄갈 착,9,2급,가
脚,다리 각,肉,고기 육,11,준3급,각
閣,집 각,門,문 문,14,준3급,각
覺,깨달을 각,見,볼 견|뵈올 현,20,4급,각
各,각각 각,口,입 구,6,준6급,각
角,뿔 각,角,뿔 각,7,준6급,각
却,물리칠 각,卩,병부 절,7,3급,각
刻,새길 각,刀,칼 도,8,4급,각
珏,쌍옥 각,玉,구슬 옥,9,2급,각
間,사이 간,門,문 문,12,준7급,간
幹,줄기 간,干,방패 간,13,준3급,간
懇,간절할 간,心,마음 심,17,준3급,간
簡,대쪽/간략할 간,竹,대 죽,18,4급,간
干,방패 간,干,방패 간,3,4급,간
刊,새길 간,刀,칼 도,5,준3급,간
艮,괘이름 간,艮,괘이름 간,6,2급,간
肝,간 간,肉,고기 육,7,준3급,간
杆,몽둥이 간,木,나무 목,7,2급,간
姦,간음할 간,女,계집 녀,9,3급,간
看,볼 간,目,눈 목,9,4급,간
渴,목마를 갈,水,물 수,12,3급,갈
葛,칡 갈,艸,풀 초,13,2급,갈
鞨,오랑캐이름 갈,革,가죽 혁,18,2급,갈
敢,감히/구태여 감,攴,칠 복,12,4급,감
減,덜 감,水,물 수,12,준4급,감
感,느낄 감,心,마음 심,13,6급,감
監,볼 감,皿,그릇 명,14,준4급,감
憾,섭섭할 감,心,마음 심,16,2급,감
鑑,거울 감,金,쇠 금|성 김,22,준3급,감
甘,달 감,甘,달 감,5,4급,감
邯,조나라서울 한|사람이름 감,邑,고을 읍,8,2급,감
鉀,갑옷 갑,金,쇠 금|성 김,13,2급,갑
甲,갑옷 갑,田,밭 전,5,4급,갑
岬,곶 갑,山,메 산,8,2급,갑
剛,굳셀 강,刀,칼 도,10,준3급,강
強,강할 강,弓,활 궁,11,6급,강
康,편안 강,广,집 엄,11,준4급,강
崗,언덕 강,山,메 산,11,2급,강
綱,벼리 강,糸,실 사|가는실 멱,14,준3급,강
鋼,강철 강,金,쇠 금|성 김,16,준3급,강
彊,굳셀 강,弓,활 궁,16,2급,강
講,욀 강,言,말씀 언,17,준4급,강
疆,지경 강,田,밭 전,19,2급,강
江,강 강,水,물 수,6,준7급,강
岡,산등성이 강,山,메 산,8,2급,강
降,내릴 강|항복할 항,阜,언덕 부,9,4급,강
姜,성 강,女,계집 녀,9,2급,강
個,낱 개,人,사람 인,10,준4급,개
開,열 개,門,문 문,12,6급,개
塏,높은땅 개,土,흙 토,13,2급,개
慨,슬퍼할 개,心,마음 심,14,3급,개
蓋,덮을 개,艸,풀 초,14,준3급,개
槪,대개 개,木,나무 목,15,준3급,개
介,낄 개,人,사람 인,4,준3급,개
价,클 개,人,사람 인,6,2급,개
改,고칠 개,攴,칠 복,7,5급,개
皆,다 개,白,흰 백,9,3급,개
客,손 객,宀,집 면,9,준5급,객
坑,구덩이 갱,土,흙 토,7,2급,갱
距,상거할 거,足,발 족 / 족할 족,12,준3급,거
據,근거 거,手,손 수,16,4급,거
擧,들 거,手,손 수,18,5급,거
去,갈 거,厶,사사 사,5,5급,거
巨,클 거,工,장인 공,5,4급,거
拒,막을 거,手,손 수,8,4급,거
居,살 거,尸,주검 시,8,4급,거
健,굳셀 건,人,사람 인,11,5급,건
乾,하늘/마를 건,乙,둘째 천간 을,11,준3급,건
鍵,자물쇠/열쇠 건,金,쇠 금|성 김,17,2급,건
件,물건 건,人,사람 인,6,5급,건
建,세울 건,廴,길게걸을 인,9,5급,건
桀,하왕이름 걸,木,나무 목,10,2급,걸
傑,뛰어날 걸,人,사람 인,12,4급,걸
乞,빌 걸,乙,둘째 천간 을,3,3급,걸
杰,뛰어날 걸,木,나무 목,8,2급,걸
劍,칼 검,刀,칼 도,15,준3급,검
儉,검소할 검,人,사람 인,15,4급,검
檢,검사할 검,木,나무 목,17,준4급,검
揭,높이들/걸 게,手,손 수,12,2급,게
憩,쉴 게,心,마음 심,16,2급,게
格,격식 격,木,나무 목,10,준5급,격
隔,사이뜰 격,阜,언덕 부,13,준3급,격
激,격할 격,水,물 수,16,4급,격
擊,칠 격,手,손 수,17,4급,격
牽,이끌/끌 견,牛,소 우,11,3급,견
堅,굳을 견,土,흙 토,11,4급,견
絹,비단 견,糸,실 사|가는실 멱,13,3급,견
遣,보낼 견,辵,쉬엄쉬엄갈 착,14,3급,견
甄,질그릇 견,瓦,기와 와,14,2급,견
犬,개 견,犬,개 견,4,4급,견
見,볼 견|뵈올 현,見,볼 견|뵈올 현,7,준5급,견
肩,어깨 견,肉,고기 육,8,3급,견
缺,이지러질 결,缶,장군 부,10,준4급,결
訣,이별할 결,言,말씀 언,11,준3급,결
結,맺을 결,糸,실 사|가는실 멱,12,준5급,결
潔,깨끗할 결,水,물 수,15,준4급,결
決,결단할 결,水,물 수,7,준5급,결
兼,겸할 겸,八,여덟 팔,10,준3급,겸
謙,겸손할 겸,言,말씀 언,17,준3급,겸
徑,지름길/길 경,彳,조금걸을 척,10,준3급,경
耕,밭갈 경,耒,가래 뢰,10,준3급,경
竟,마침내 경,立,설 립,11,3급,경
頃,이랑/잠깐 경,頁,머리 혈,11,준3급,경
景,볕 경,日,날 일,12,5급,경
卿,벼슬 경,卩,병부 절,12,3급,경
硬,굳을 경,石,돌 석,12,준3급,경
敬,공경 경,攴,칠 복,13,준5급,경
傾,기울 경,人,사람 인,13,4급,경
經,지날/글 경,糸,실 사|가는실 멱,13,준4급,경
輕,가벼울 경,車,수레 거/차,14,5급,경
境,지경 경,土,흙 토,14,준4급,경
慶,경사 경,心,마음 심,15,준4급,경
儆,경계할 경,人,사람 인,15,2급,경
璟,옥빛 경,玉,구슬 옥,16,2급,경
鏡,거울 경,金,쇠 금|성 김,19,4급,경
瓊,구슬 경,玉,구슬 옥,19,2급,경
競,다툴 경,立,설 립,20,5급,경
警,깨우칠 경,言,말씀 언,20,준4급,경
驚,놀랄 경,馬,말 마,23,4급,경
更,고칠 경|다시 갱,曰,가로 왈,7,4급,경
京,서울 경,亠,돼지해머리 두,8,6급,경
庚,별 경,广,집 엄,8,3급,경
炅,빛날 경,火,불 화,8,2급,경
桂,계수나무 계,木,나무 목,10,준3급,계
啓,열 계,口,입 구,11,준3급,계
械,기계 계,木,나무 목,11,준3급,계
階,섬돌 계,阜,언덕 부,12,4급,계
溪,시내 계,水,물 수,13,준3급,계
繫,맬 계,糸,실 사|가는실 멱,19,3급,계
繼,이을 계,糸,실 사|가는실 멱,20,4급,계
鷄,닭 계,鳥,새 조,21,4급,계
系,이어맬 계,糸,실 사|가는실 멱,7,4급,계
戒,경계할 계,戈,창 과,7,4급,계
季,계절 계,子,아들 자,8,4급,계
界,지경 계,田,밭 전,9,준6급,계
計,셀 계,言,말씀 언,9,준6급,계
癸,북방/천간 계,癶,등질 발,9,3급,계
契,맺을 계,大,큰 대,9,준3급,계
係,맬 계,人,사람 인,9,준4급,계
高,높을 고,高,높을 고,10,준6급,고
庫,곳집 고,广,집 엄,10,4급,고
皐,언덕 고,白,흰 백,11,2급,고
雇,품팔 고,隹,새 추,12,2급,고
鼓,북 고,鼓,북 고,13,준3급,고
賈,성 가|장사 고,貝,조개 패,13,2급,고
稿,원고/볏짚 고,禾,벼 화,15,준3급,고
顧,돌아볼 고,頁,머리 혈,21,3급,고
古,예 고,口,입 구,5,6급,고
考,생각할 고,老,늙을 로,6,5급,고
告,고할 고,口,입 구,7,준5급,고
固,굳을 고,囗,에워쌀 위|나라 국,8,5급,고
姑,시어미 고,女,계집 녀,8,준3급,고
孤,외로울 고,子,아들 자,8,4급,고
苦,쓸 고,艸,풀 초,9,6급,고
枯,마를 고,木,나무 목,9,3급,고
故,연고 고,攴,칠 복,9,준4급,고
哭,울 곡,口,입 구,10,준3급,곡
穀,곡식 곡,禾,벼 화,15,4급,곡
曲,굽을 곡,曰,가로 왈,6,5급,곡
谷,골 곡,谷,골 곡,7,준3급,곡
困,곤할 곤,囗,에워쌀 위|나라 국,7,4급,곤
坤,땅 곤,土,흙 토,8,3급,곤
骨,뼈 골,骨,뼈 골,10,4급,골
滑,미끄러울 활|익살스러울 골,水,물 수,13,2급,골
貢,바칠 공,貝,조개 패,10,준3급,공
恐,두려울 공,心,마음 심,10,준3급,공
恭,공손할 공,心,마음 심,10,준3급,공
工,장인 공,工,장인 공,3,준7급,공
公,공평할 공,八,여덟 팔,4,준6급,공
孔,구멍 공,子,아들 자,4,4급,공
功,공 공,力,힘 력,5,준6급,공
共,한가지 공,八,여덟 팔,6,준6급,공
攻,칠 공,攴,칠 복,7,4급,공
空,빌 공,穴,굴 혈,8,준7급,공
供,이바지할 공,人,사람 인,8,준3급,공
串,꿸 관|땅이름 곶,丨,뚫을 곤,7,2급,곶
菓,과자/실과 과,艸,풀 초,12,2급,과
過,지날 과,辵,쉬엄쉬엄갈 착,13,준5급,과
誇,자랑할 과,言,말씀 언,13,준3급,과
寡,적을 과,宀,집 면,14,준3급,과
課,공부할/과정 과,言,말씀 언,15,준5급,과
戈,창 과,戈,창 과,4,2급,과
瓜,외 과,瓜,외 과,5,2급,과
果,실과 과,木,나무 목,8,준6급,과
科,과목 과,禾,벼 화,9,준6급,과
郭,둘레/외성 곽,邑,고을 읍,11,3급,곽
貫,꿸 관,貝,조개 패,11,준3급,관
莞,빙그레할 완|왕골 관,艸,풀 초,11,2급,관
款,항목 관,欠,하품 흠,12,2급,관
琯,옥피리 관,玉,구슬 옥,12,2급,관
慣,익숙할 관,心,마음 심,14,준3급,관
管,대롱/주관할 관,竹,대 죽,14,4급,관
寬,너그러울 관,宀,집 면,15,준3급,관
館,집 관,食,밥/먹을 식,17,준3급,관
關,관계할 관,門,문 문,19,준5급,관
觀,볼 관,見,볼 견|뵈올 현,25,준5급,관
官,벼슬 관,宀,집 면,8,준4급,관
冠,갓 관,冖,덮을 멱,9,준3급,관
廣,넓을 광,广,집 엄,15,준5급,광
鑛,쇳돌 광,金,쇠 금|성 김,23,4급,광
光,빛 광,儿,어진사람 인,6,준6급,광
狂,미칠 광,犬,개 견,7,준3급,광
掛,걸 괘,手,손 수,11,3급,괘
傀,허수아비 괴,人,사람 인,12,2급,괴
塊,흙덩이 괴,土,흙 토,13,3급,괴
愧,부끄러울 괴,心,마음 심,13,3급,괴
槐,회화나무/느티나무 괴,木,나무 목,14,2급,괴
壞,무너질 괴,土,흙 토,19,준3급,괴
怪,괴이할 괴,心,마음 심,8,준3급,괴
校,학교 교,木,나무 목,10,8급,교
敎,가르칠 교,攴,칠 복,11,8급,교
絞,목맬 교,糸,실 사|가는실 멱,12,2급,교
較,견줄/비교할 교,車,수레 거/차,13,준3급,교
僑,더부살이 교,人,사람 인,14,2급,교
膠,아교 교,肉,고기 육,15,2급,교
橋,다리 교,木,나무 목,16,5급,교
矯,바로잡을 교,矢,화살 시,17,3급,교
巧,공교할 교,工,장인 공,5,준3급,교
交,사귈 교,亠,돼지해머리 두,6,6급,교
郊,들 교,邑,고을 읍,9,3급,교
俱,함께 구,人,사람 인,10,3급,구
球,공 구,玉,구슬 옥,11,준6급,구
區,구분할/지경 구,匸,감출 혜,11,6급,구
救,구원할 구,攴,칠 복,11,5급,구
構,얽을 구,木,나무 목,14,4급,구
歐,구라파/칠 구,欠,하품 흠,15,2급,구
購,살 구,貝,조개 패,17,2급,구
舊,예 구,臼,절구 구,18,준5급,구
九,아홉 구,乙,둘째 천간 을,2,8급,구
驅,몰 구,馬,말 마,21,3급,구
懼,두려워할 구,心,마음 심,21,3급,구
鷗,갈매기 구,鳥,새 조,22,2급,구
口,입 구,口,입 구,3,7급,구
久,오랠 구,丿,삐침 별,3,준3급,구
丘,언덕 구,一,한 일,5,준3급,구
句,글귀 구,口,입 구,5,준4급,구
求,구할 구,水,물 수,7,준4급,구
究,연구할 구,穴,굴 혈,7,준4급,구
玖,옥돌 구,玉,구슬 옥,7,2급,구
具,갖출 구,八,여덟 팔,8,준5급,구
狗,개 구,犬,개 견,8,3급,구
拘,잡을 구,手,손 수,8,준3급,구
邱,언덕 구,邑,고을 읍,8,2급,구
苟,진실로/구차할 구,艸,풀 초,9,3급,구
國,나라 국,囗,에워쌀 위|나라 국,11,8급,국
菊,국화 국,艸,풀 초,12,준3급,국
鞠,성/국문할 국,革,가죽 혁,17,2급,국
局,판 국,尸,주검 시,7,준5급,국
郡,고을 군,邑,고을 읍,10,6급,군
群,무리 군,羊,양 양,13,4급,군
君,임금 군,口,입 구,7,4급,군
軍,군사 군,車,수레 거/차,9,8급,군
掘,팔 굴,手,손 수,11,2급,굴
窟,굴 굴,穴,굴 혈,13,2급,굴
屈,굽힐 굴,尸,주검 시,8,4급,굴
宮,집 궁,宀,집 면,10,준4급,궁
窮,다할/궁할 궁,穴,굴 혈,15,4급,궁
弓,활 궁,弓,활 궁,3,준3급,궁
拳,주먹 권,手,손 수,10,준3급,권
圈,우리 권,囗,에워쌀 위|나라 국,11,2급,권
勸,권할 권,力,힘 력,20,4급,권
權,권세 권,木,나무 목,21,준4급,권
券,문서 권,刀,칼 도,8,4급,권
卷,책 권,卩,병부 절,8,4급,권
厥,그 궐,厂,기슭 한,12,3급,궐
闕,대궐 궐,門,문 문,18,2급,궐
軌,바퀴자국 궤,車,수레 거/차,9,3급,궤
鬼,귀신 귀,鬼,귀신 귀,10,준3급,귀
貴,귀할 귀,貝,조개 패,12,5급,귀
龜,거북 구|거북 귀|터질 균,龜,거북 구/귀|터질 균,16,3급,귀
歸,돌아갈 귀,止,그칠 지,18,4급,귀
珪,홀 규,玉,구슬 옥,10,2급,규
規,법 규,見,볼 견|뵈올 현,11,5급,규
揆,헤아릴 규,手,손 수,12,2급,규
閨,안방 규,門,문 문,14,2급,규
叫,부르짖을 규,口,입 구,5,3급,규
圭,서옥/쌍토 규,土,흙 토,6,2급,규
糾,얽을 규,糸,실 사|가는실 멱,8,3급,규
奎,별 규,大,큰 대,9,2급,규
菌,버섯 균,艸,풀 초,12,준3급,균
均,고를 균,土,흙 토,7,4급,균
極,다할/극진할 극,木,나무 목,13,준4급,극
劇,심할 극,刀,칼 도,15,4급,극
克,이길 극,儿,어진사람 인,7,준3급,극
根,뿌리 근,木,나무 목,10,6급,근
筋,힘줄 근,竹,대 죽,12,4급,근
僅,겨우 근,人,사람 인,13,3급,근
勤,부지런할 근,力,힘 력,13,4급,근
瑾,아름다운옥 근,玉,구슬 옥,15,2급,근
槿,무궁화 근,木,나무 목,15,2급,근
謹,삼갈 근,言,말씀 언,18,3급,근
斤,근/날 근,斤,근/날 근,4,3급,근
近,가까울 근,辵,쉬엄쉬엄갈 착,8,6급,근
琴,거문고 금,玉,구슬 옥,12,준3급,금
禽,새 금,禸,발자국 유,13,준3급,금
禁,금할 금,示,보일 시,13,준4급,금
錦,비단 금,金,쇠 금|성 김,16,준3급,금
今,이제 금,人,사람 인,4,준6급,금
金,쇠 금|성 김,金,쇠 금|성 김,8,8급,금
級,등급 급,糸,실 사|가는실 멱,10,6급,급
給,줄 급,糸,실 사|가는실 멱,12,5급,급
及,미칠 급,又,또 우,4,준3급,급
急,급할 급,心,마음 심,9,준6급,급
兢,떨릴 긍,儿,어진사람 인,14,2급,긍
肯,즐길 긍,肉,고기 육,8,3급,긍
氣,기운 기,气,기운 기,10,준7급,기
記,기록할 기,言,말씀 언,10,준7급,기
豈,어찌 기,豆,콩 두,10,3급,기
起,일어날 기,走,달릴 주,10,준4급,기
耆,늙을 기,老,늙을 로,10,2급,기
基,터 기,土,흙 토,11,준5급,기
旣,이미 기,无,없을 무,11,3급,기
飢,주릴 기,食,밥/먹을 식,11,3급,기
寄,부칠 기,宀,집 면,11,4급,기
淇,물이름 기,水,물 수,11,2급,기
期,기약할 기,月,달 월,12,5급,기
棄,버릴 기,木,나무 목,12,3급,기
欺,속일 기,欠,하품 흠,12,3급,기
幾,몇 기,幺,작을 요,12,3급,기
棋,바둑 기,木,나무 목,12,2급,기
琦,옥이름 기,玉,구슬 옥,12,2급,기
琪,아름다운옥 기,玉,구슬 옥,12,2급,기
旗,기 기,方,모 방,14,7급,기
箕,키 기,竹,대 죽,14,2급,기
畿,경기 기,田,밭 전,15,준3급,기
機,틀 기,木,나무 목,16,4급,기
器,그릇 기,口,입 구,16,준4급,기
冀,바랄 기,八,여덟 팔,16,2급,기
璣,별이름 기,玉,구슬 옥,16,2급,기
騎,말탈 기,馬,말 마,18,준3급,기
騏,준마 기,馬,말 마,18,2급,기
麒,기린 기,鹿,사슴 록,19,2급,기
驥,천리마 기,馬,말 마,26,2급,기
己,몸 기,己,몸 기,3,준5급,기
企,꾀할 기,人,사람 인,6,준3급,기
汽,물끓는김 기,水,물 수,7,5급,기
技,재주 기,手,손 수,7,5급,기
忌,꺼릴 기,心,마음 심,7,3급,기
岐,갈림길 기,山,메 산,7,2급,기
沂,물이름 기,水,물 수,7,2급,기
其,그 기,八,여덟 팔,8,준3급,기
奇,기특할 기,大,큰 대,8,4급,기
祈,빌 기,示,보일 시,9,준3급,기
紀,벼리 기,糸,실 사|가는실 멱,9,4급,기
緊,긴할 긴,糸,실 사|가는실 멱,14,준3급,긴
吉,길할 길,口,입 구,6,5급,길
那,어찌 나,邑,고을 읍,7,3급,나
諾,허락할 낙,言,말씀 언,16,준3급,낙
暖,따뜻할 난,日,날 일,13,준4급,난
難,어려울 난,隹,새 추,19,준4급,난
男,사내 남,田,밭 전,7,준7급,남
南,남녘 남,十,열 십,9,8급,남
納,들일 납,糸,실 사|가는실 멱,10,4급,납
乃,이에 내,丿,삐침 별,2,3급,내
內,안 내,入,들 입,4,준7급,내
奈,어찌 내,大,큰 대,8,3급,내
耐,견딜 내,而,말이을 이,9,준3급,내
女,계집 녀,女,계집 녀,3,8급,녀
年,해 년,干,방패 간,6,8급,년
念,생각 념,心,마음 심,8,준5급,념
寧,편안 녕,宀,집 면,14,준3급,녕
奴,종 노,女,계집 녀,5,준3급,노
努,힘쓸 노,力,힘 력,7,준4급,노
怒,성낼 노,心,마음 심,9,준4급,노
農,농사 농,辰,별 진|때 신,13,준7급,농
濃,짙을 농,水,물 수,16,2급,농
惱,번뇌할 뇌,心,마음 심,12,3급,뇌
腦,골/뇌수 뇌,肉,고기 육,13,준3급,뇌
尿,오줌 뇨,尸,주검 시,7,2급,뇨
能,능할 능,肉,고기 육,10,준5급,능
尼,여승 니,尸,주검 시,5,2급,니
泥,진흙 니,水,물 수,8,준3급,니
溺,빠질 닉,水,물 수,13,2급,닉
多,많을 다,夕,저녁 석,6,6급,다
短,짧을 단,矢,화살 시,12,준6급,단
湍,여울 단,水,물 수,12,2급,단
團,둥글 단,囗,에워쌀 위|나라 국,14,준5급,단
端,끝 단,立,설 립,14,준4급,단
壇,단 단,土,흙 토,16,5급,단
檀,박달나무 단,木,나무 목,17,준4급,단
鍛,쇠불릴 단,金,쇠 금|성 김,17,2급,단
斷,끊을 단,斤,근/날 근,18,준4급,단
丹,붉을 단,丶,점 주,4,준3급,단
旦,아침 단,日,날 일,5,준3급,단
但,다만 단,人,사람 인,7,준3급,단
段,층계 단,殳,창 수,9,4급,단
達,통달할 달,辵,쉬엄쉬엄갈 착,13,준4급,달
淡,맑을 담,水,물 수,11,준3급,담
談,말씀 담,言,말씀 언,15,5급,담
潭,못 담,水,물 수,15,2급,담
擔,멜 담,手,손 수,16,준4급,담
膽,쓸개 담,肉,고기 육,17,2급,담
答,대답 답,竹,대 죽,12,준7급,답
踏,밟을 답,足,발 족 / 족할 족,15,준3급,답
畓,논 답,田,밭 전,9,3급,답
唐,당나라/당황할 당,口,입 구,10,준3급,당
堂,집 당,土,흙 토,11,준6급,당
當,마땅 당,田,밭 전,13,준5급,당
塘,못 당,土,흙 토,13,2급,당
糖,엿 당,米,쌀 미,16,준3급,당
黨,무리 당,黑,검을 흑,20,준4급,당
帶,띠 대,巾,수건 건,11,준4급,대
貸,빌릴/뀔 대,貝,조개 패,12,준3급,대
隊,무리 대,阜,언덕 부,12,준4급,대
對,대할 대,寸,마디 촌,14,준6급,대
臺,대 대,至,이를 지,14,준3급,대
戴,일 대,戈,창 과,17,2급,대
大,큰 대,大,큰 대,3,8급,대
代,대신할 대,人,사람 인,5,준6급,대
垈,집터 대,土,흙 토,8,2급,대
待,기다릴 대,彳,조금걸을 척,9,6급,대
悳,큰 덕,心,마음 심,12,2급,덕
德,큰 덕,彳,조금걸을 척,15,준5급,덕
島,섬 도,山,메 산,10,5급,도
桃,복숭아 도,木,나무 목,10,준3급,도
倒,넘어질 도,人,사람 인,10,준3급,도
徒,무리 도,彳,조금걸을 척,10,4급,도
逃,도망할 도,辵,쉬엄쉬엄갈 착,10,4급,도
陶,질그릇 도,阜,언덕 부,11,준3급,도
途,길 도,辵,쉬엄쉬엄갈 착,11,준3급,도
悼,슬퍼할 도,心,마음 심,11,2급,도
都,도읍 도,邑,고을 읍,12,5급,도
渡,건널 도,水,물 수,12,준3급,도
盜,도둑 도,皿,그릇 명,12,4급,도
道,길 도,辵,쉬엄쉬엄갈 착,13,준7급,도
跳,뛸 도,足,발 족 / 족할 족,13,3급,도
塗,칠할 도,土,흙 토,13,3급,도
圖,그림 도,囗,에워쌀 위|나라 국,14,준6급,도
稻,벼 도,禾,벼 화,15,3급,도
導,인도할 도,寸,마디 촌,16,준4급,도
燾,비칠 도,火,불 화,18,2급,도
刀,칼 도,刀,칼 도,2,준3급,도
到,이를 도,刀,칼 도,8,준5급,도
度,법도 도|헤아릴 탁,广,집 엄,9,6급,도
挑,돋울 도,手,손 수,9,3급,도
督,감독할 독,目,눈 목,13,준4급,독
獨,홀로 독,犬,개 견,16,준5급,독
篤,도타울 독,竹,대 죽,16,3급,독
讀,읽을 독|구절 두,言,말씀 언,22,준6급,독
毒,독 독,毋,말 무,9,준4급,독
豚,돼지 돈,豕,돼지 시,11,3급,돈
惇,도타울 돈,心,마음 심,11,2급,돈
敦,도타울 돈,攴,칠 복,12,3급,돈
頓,조아릴 돈,頁,머리 혈,13,2급,돈
燉,불빛 돈,火,불 화,16,2급,돈
乭,이름 돌,乙,둘째 천간 을,6,2급,돌
突,갑자기 돌,穴,굴 혈,9,준3급,돌
凍,얼 동,冫,얼음 빙,10,준3급,동
桐,오동나무 동,木,나무 목,10,2급,동
動,움직일 동,力,힘 력,11,준7급,동
童,아이 동,立,설 립,12,준6급,동
棟,마룻대 동,木,나무 목,12,2급,동
董,바를 동,艸,풀 초,13,2급,동
銅,구리 동,金,쇠 금|성 김,14,준4급,동
冬,겨울 동,冫,얼음 빙,5,7급,동
同,한가지 동,口,입 구,6,7급,동
東,동녘 동,木,나무 목,8,8급,동
洞,골 동|밝을 통,水,물 수,9,7급,동
頭,머리 두,頁,머리 혈,16,6급,두
斗,말 두,斗,말 두,4,준4급,두
豆,콩 두,豆,콩 두,7,준4급,두
杜,막을 두,木,나무 목,7,2급,두
鈍,둔할 둔,金,쇠 금|성 김,12,3급,둔
屯,진칠 둔,屮,싹날 철,4,3급,둔
得,얻을 득,彳,조금걸을 척,11,준4급,득
登,오를 등,癶,등질 발,12,7급,등
等,무리 등,竹,대 죽,12,준6급,등
鄧,나라이름 등,邑,고을 읍,15,2급,등
燈,등 등,火,불 화,16,준4급,등
謄,베낄 등,言,말씀 언,17,2급,등
藤,등나무 등,艸,풀 초,19,2급,등
騰,오를 등,馬,말 마,20,3급,등
裸,벗을 라,衣,옷 의,13,2급,라
羅,벌릴 라,网,그물 망,19,준4급,라
絡,이을/얽을 락,糸,실 사|가는실 멱,12,준3급,락
落,떨어질 락,艸,풀 초,13,5급,락
樂,즐길 락|노래 악|좋아할 요,木,나무 목,15,준6급,락
洛,물이름 락,水,물 수,9,2급,락
亂,어지러울 란,乙,둘째 천간 을,13,4급,란
欄,난간 란,木,나무 목,21,준3급,란
蘭,난초 란,艸,풀 초,21,준3급,란
爛,빛날 란,火,불 화,21,2급,란
卵,알 란,卩,병부 절,7,4급,란
濫,넘칠 람,水,물 수,17,3급,람
藍,쪽 람,艸,풀 초,18,2급,람
覽,볼 람,見,볼 견|뵈올 현,21,4급,람
拉,끌 랍,手,손 수,8,2급,랍
娘,계집 낭,女,계집 녀,10,준3급,랑
浪,물결 랑,水,물 수,10,준3급,랑
郞,사내 랑,邑,고을 읍,10,준3급,랑
朗,밝을 랑,月,달 월,11,준5급,랑
廊,사랑채/행랑 랑,广,집 엄,13,준3급,랑
萊,명아주 래,艸,풀 초,12,2급,래
來,올 래,人,사람 인,8,7급,래
冷,찰 랭,冫,얼음 빙,7,5급,랭
掠,노략질할 략,手,손 수,11,3급,략
略,간략할/약할 략,田,밭 전,11,4급,략
涼,서늘할 량,水,물 수,11,준3급,량
梁,들보/돌다리 량,木,나무 목,11,준3급,량
量,헤아릴 량,里,마을 리,12,5급,량
諒,살펴알/믿을 량,言,말씀 언,15,3급,량
輛,수레 량,車,수레 거/차,15,2급,량
樑,들보 량,木,나무 목,15,2급,량
糧,양식 량,米,쌀 미,18,4급,량
良,어질 량,艮,괘이름 간,7,준5급,량
兩,두 량,入,들 입,8,준4급,량
亮,밝을 량,亠,돼지해머리 두,9,2급,량
旅,나그네 려,方,모 방,10,준5급,려
慮,생각할 려,心,마음 심,15,4급,려
勵,힘쓸 려,力,힘 력,17,준3급,려
麗,고울 려,鹿,사슴 록,19,준4급,려
廬,농막집 려,广,집 엄,19,2급,려
礪,숫돌 려,石,돌 석,20,2급,려
呂,성/법칙 려,口,입 구,7,2급,려
歷,지날 력,止,그칠 지,16,준5급,력
曆,책력 력,日,날 일,16,준3급,력
力,힘 력,力,힘 력,2,준7급,력
連,이을 련,辵,쉬엄쉬엄갈 착,11,준4급,련
煉,달굴 련,火,불 화,13,2급,련
漣,잔물결 련,水,물 수,14,2급,련
練,익힐 련,糸,실 사|가는실 멱,15,준5급,련
憐,불쌍히여길 련,心,마음 심,15,3급,련
蓮,연꽃 련,艸,풀 초,15,준3급,련
鍊,쇠불릴/단련할 련,金,쇠 금|성 김,17,준3급,련
聯,연이을 련,耳,귀 이,17,준3급,련
戀,그리워할/그릴 련,心,마음 심,23,준3급,련
烈,매울 렬,火,불 화,10,4급,렬
裂,찢어질 렬,衣,옷 의,12,준3급,렬
劣,못할 렬,力,힘 력,6,3급,렬
列,벌릴 렬,刀,칼 도,6,준4급,렬
廉,청렴할 렴,广,집 엄,13,3급,렴
濂,물이름 렴,水,물 수,16,2급,렴
獵,사냥 렵,犬,개 견,18,3급,렵
零,떨어질/영 령,雨,비 우,13,3급,령
領,거느릴 령,頁,머리 혈,14,5급,령
嶺,고개 령,山,메 산,17,준3급,령
靈,신령 령,雨,비 우,24,준3급,령
令,하여금 령,人,사람 인,5,5급,령
玲,옥소리 령,玉,구슬 옥,9,2급,령
隷,종 례,隶,미칠 이/대,16,3급,례
禮,예도 례,示,보일 시,18,6급,례
醴,단술 례,酉,닭 유,20,2급,례
例,법식 례,人,사람 인,8,6급,례
勞,일할 로,力,힘 력,12,준5급,로
路,길 로,足,발 족 / 족할 족,13,6급,로
魯,노나라/노둔할 로,魚,고기/물고기 어,15,2급,로
盧,성/밥그릇 로,皿,그릇 명,16,2급,로
爐,화로 로,火,불 화,20,준3급,로
蘆,갈대 로,艸,풀 초,20,2급,로
露,이슬 로,雨,비 우,21,준3급,로
鷺,해오라기/백로 로,鳥,새 조,24,2급,로
老,늙을 로,老,늙을 로,6,7급,로
鹿,사슴 록,鹿,사슴 록,11,3급,록
祿,녹 록,示,보일 시,13,준3급,록
綠,푸를 록,糸,실 사|가는실 멱,14,6급,록
錄,기록할 록,金,쇠 금|성 김,16,준4급,록
論,논할 론,言,말씀 언,15,준4급,론
籠,대바구니 롱,竹,대 죽,22,2급,롱
弄,희롱할 롱,廾,받들 공,7,준3급,롱
雷,우레 뢰,雨,비 우,13,준3급,뢰
賴,의뢰할 뢰,貝,조개 패,16,준3급,뢰
料,헤아릴 료,斗,말 두,10,5급,료
僚,동료 료,人,사람 인,14,3급,료
遼,멀 료,辵,쉬엄쉬엄갈 착,16,2급,료
療,병고칠 료,疒,병들어기댈 녁,17,2급,료
了,마칠 료,亅,갈고리 궐,2,3급,료
龍,용 룡,龍,용 룡,16,4급,룡
淚,눈물 루,水,물 수,11,3급,루
累,여러/자주 루,糸,실 사|가는실 멱,11,준3급,루
屢,여러 루,尸,주검 시,14,3급,루
漏,샐 루,水,물 수,14,준3급,루
樓,다락 루,木,나무 목,15,준3급,루
流,흐를 류,水,물 수,10,준5급,류
留,머무를 류,田,밭 전,10,준4급,류
硫,유황 류,石,돌 석,12,2급,류
劉,죽일/묘금도 류,刀,칼 도,15,2급,류
謬,그르칠 류,言,말씀 언,18,2급,류
類,무리 류,頁,머리 혈,19,준5급,류
柳,버들 류,木,나무 목,9,4급,류
陸,뭍 륙,阜,언덕 부,11,준5급,륙
六,여섯 륙,八,여덟 팔,4,8급,륙
倫,인륜 륜,人,사람 인,10,준3급,륜
崙,산이름 륜,山,메 산,11,2급,륜
輪,바퀴 륜,車,수레 거/차,15,4급,륜
栗,밤 률,木,나무 목,10,준3급,률
率,비율 률|거느릴 솔,玄,검을 현,11,준3급,률
律,법칙 률,彳,조금걸을 척,9,준4급,률
隆,높을 륭,阜,언덕 부,12,준3급,륭
陵,언덕 릉,阜,언덕 부,11,준3급,릉
楞,네모질 릉,木,나무 목,13,2급,릉
理,다스릴 리,玉,구슬 옥,11,준6급,리
梨,배 리,木,나무 목,11,3급,리
裏,속 리,衣,옷 의,13,준3급,리
履,밟을 리,尸,주검 시,15,준3급,리
離,떠날 리,隹,새 추,19,4급,리
驪,검은말 려/리,馬,말 마,29,2급,리
吏,벼슬아치/관리 리,口,입 구,6,준3급,리
里,마을 리,里,마을 리,7,7급,리
利,이할 리,刀,칼 도,7,준6급,리
李,오얏/성 리,木,나무 목,7,6급,리
隣,이웃 린,阜,언덕 부,15,3급,린
麟,기린 린,鹿,사슴 록,23,2급,린
臨,임할 림,臣,신하 신,17,준3급,림
林,수풀 림,木,나무 목,8,7급,림
立,설 립,立,설 립,5,준7급,립
馬,말 마,馬,말 마,10,5급,마
麻,삼 마,麻,삼 마,11,준3급,마
痲,저릴 마,疒,병들어기댈 녁,13,2급,마
摩,문지를 마,手,손 수,15,2급,마
磨,갈 마,石,돌 석,16,준3급,마
魔,마귀 마,鬼,귀신 귀,21,2급,마
莫,없을 막,艸,풀 초,11,준3급,막
漠,넓을 막,水,물 수,14,준3급,막
幕,장막 막,巾,수건 건,14,준3급,막
膜,꺼풀/막 막,肉,고기 육,15,2급,막
娩,낳을 만,女,계집 녀,10,2급,만
晚,늦을 만,日,날 일,11,준3급,만
萬,일만 만,艸,풀 초,13,8급,만
慢,거만할 만,心,마음 심,14,3급,만
漫,흩어질 만,水,물 수,14,3급,만
滿,찰 만,水,물 수,14,준4급,만
灣,물굽이 만,水,물 수,25,2급,만
蠻,오랑캐 만,虫,벌레 훼,25,2급,만
靺,말갈 말,革,가죽 혁,14,2급,말
末,끝 말,木,나무 목,5,5급,말
茫,아득할 망,艸,풀 초,10,3급,망
望,바랄 망,月,달 월,11,준5급,망
網,그물 망,糸,실 사|가는실 멱,14,2급,망
亡,망할 망,亠,돼지해머리 두,3,5급,망
忙,바쁠 망,心,마음 심,6,3급,망
妄,망령될 망,女,계집 녀,6,준3급,망
忘,잊을 망,心,마음 심,7,3급,망
罔,없을 망,网,그물 망,8,3급,망
埋,묻을 매,土,흙 토,10,3급,매
梅,매화 매,木,나무 목,11,준3급,매
買,살 매,貝,조개 패,12,5급,매
媒,중매 매,女,계집 녀,12,준3급,매
賣,팔 매,貝,조개 패,15,5급,매
魅,매혹할 매,鬼,귀신 귀,15,2급,매
每,매양 매,毋,말 무,7,준7급,매
妹,누이 매,女,계집 녀,8,4급,매
枚,낱 매,木,나무 목,8,2급,매
脈,줄기 맥,肉,고기 육,10,준4급,맥
麥,보리 맥,麥,보리 맥,11,준3급,맥
貊,맥국 맥,豸,벌레 치,13,2급,맥
猛,사나울 맹,犬,개 견,11,준3급,맹
盟,맹세 맹,皿,그릇 명,13,준3급,맹
孟,맏 맹,子,아들 자,8,준3급,맹
盲,소경/눈멀 맹,目,눈 목,8,준3급,맹
覓,찾을 멱,見,볼 견|뵈올 현,11,2급,멱
眠,잘 면,目,눈 목,10,준3급,면
冕,면류관 면,冂,멀 경,11,2급,면
綿,솜 면,糸,실 사|가는실 멱,14,준3급,면
免,면할 면,儿,어진사람 인,7,준3급,면
沔,물이름/빠질 면,水,물 수,7,2급,면
面,낯 면,面,낯 면,9,7급,면
勉,힘쓸 면,力,힘 력,9,4급,면
滅,꺼질/멸할 멸,水,물 수,13,준3급,멸
蔑,업신여길 멸,艸,풀 초,15,2급,멸
冥,어두울 명,冖,덮을 멱,10,3급,명
銘,새길 명,金,쇠 금|성 김,14,준3급,명
鳴,울 명,鳥,새 조,14,4급,명
名,이름 명,口,입 구,6,준7급,명
命,목숨 명,口,입 구,8,7급,명
明,밝을 명,日,날 일,8,준6급,명
帽,모자 모,巾,수건 건,12,2급,모
募,모을/뽑을 모,力,힘 력,13,3급,모
貌,모양 모,豸,벌레 치,14,준3급,모
暮,저물 모,日,날 일,15,3급,모
慕,그릴 모,心,마음 심,15,준3급,모
模,본뜰 모,木,나무 목,15,4급,모
謀,꾀 모,言,말씀 언,16,준3급,모
謨,꾀 모,言,말씀 언,18,2급,모
毛,터럭 모,毛,털 모,4,준4급,모
母,어미 모,毋,말 무,5,8급,모
矛,창 모,矛,창 모,5,2급,모
牟,성/보리 모,牛,소 우,6,2급,모
某,아무 모,木,나무 목,9,3급,모
冒,무릅쓸 모,冂,멀 경,9,3급,모
侮,업신여길 모,人,사람 인,9,3급,모
茅,띠 모,艸,풀 초,9,2급,모
睦,화목할 목,目,눈 목,13,준3급,목
穆,화목할 목,禾,벼 화,16,2급,목
木,나무 목,木,나무 목,4,8급,목
目,눈 목,目,눈 목,5,6급,목
沐,머리감을 목,水,물 수,7,2급,목
牧,칠 목,牛,소 우,8,준4급,목
沒,빠질 몰,水,물 수,7,준3급,몰
蒙,어두울 몽,艸,풀 초,14,준3급,몽
夢,꿈 몽,夕,저녁 석,14,준3급,몽
墓,무덤 묘,土,흙 토,14,4급,묘
廟,사당 묘,广,집 엄,15,3급,묘
卯,토끼 묘,卩,병부 절,5,3급,묘
妙,묘할 묘,女,계집 녀,7,4급,묘
苗,모 묘,艸,풀 초,9,3급,묘
昴,별이름 묘,日,날 일,9,2급,묘
務,힘쓸 무,力,힘 력,11,준4급,무
無,없을 무,火,불 화,12,5급,무
貿,무역할 무,貝,조개 패,12,준3급,무
舞,춤출 무,舛,어그러질 천,14,4급,무
霧,안개 무,雨,비 우,19,3급,무
戊,천간 무,戈,창 과,5,3급,무
武,호반 무,止,그칠 지,8,준4급,무
茂,무성할 무,艸,풀 초,9,준3급,무
墨,먹 묵,土,흙 토,15,준3급,묵
默,잠잠할 묵,黑,검을 흑,16,준3급,묵
紋,무늬 문,糸,실 사|가는실 멱,10,준3급,문
紊,어지러울/문란할 문,糸,실 사|가는실 멱,10,2급,문
問,물을 문,口,입 구,11,7급,문
聞,들을 문,耳,귀 이,14,준6급,문
文,글월 문,文,글월 문,4,7급,문
汶,물이름 문,水,물 수,7,2급,문
門,문 문,門,문 문,8,8급,문
勿,말 물,勹,쌀 포,4,준3급,물
物,물건 물,牛,소 우,8,준7급,물
迷,미혹할 미,辵,쉬엄쉬엄갈 착,10,3급,미
微,작을 미,彳,조금걸을 척,13,준3급,미
彌,미륵/오랠 미,弓,활 궁,17,2급,미
未,아닐 미,木,나무 목,5,준4급,미
米,쌀 미,米,쌀 미,6,6급,미
尾,꼬리 미,尸,주검 시,7,준3급,미
味,맛 미,口,입 구,8,준4급,미
美,아름다울 미,羊,양 양,9,6급,미
眉,눈썹 미,目,눈 목,9,3급,미
敏,민첩할 민,攴,칠 복,11,3급,민
閔,성 민,門,문 문,12,2급,민
憫,민망할 민,心,마음 심,15,3급,민
民,백성 민,氏,각시/성씨 씨,5,8급,민
旻,하늘 민,日,날 일,8,2급,민
玟,아름다운돌 민,玉,구슬 옥,8,2급,민
旼,화할 민,日,날 일,8,2급,민
珉,옥돌 민,玉,구슬 옥,9,2급,민
密,빽빽할 밀,宀,집 면,11,준4급,밀
蜜,꿀 밀,虫,벌레 훼,14,3급,밀
舶,배 박,舟,배 주,11,2급,박
博,넓을 박,十,열 십,12,준4급,박
薄,엷을 박,艸,풀 초,17,준3급,박
朴,성 박,木,나무 목,6,6급,박
泊,머무를/배댈 박,水,물 수,8,3급,박
拍,칠 박,手,손 수,8,4급,박
迫,핍박할 박,辵,쉬엄쉬엄갈 착,9,준3급,박
班,나눌 반,玉,구슬 옥,10,준6급,반
般,가지/일반 반,舟,배 주,10,준3급,반
飯,밥 반,食,밥/먹을 식,13,준3급,반
搬,옮길 반,手,손 수,13,2급,반
盤,소반 반,皿,그릇 명,15,준3급,반
潘,성 반,水,물 수,15,2급,반
反,돌이킬/돌아올 반,又,또 우,4,준6급,반
半,반 반,十,열 십,5,준6급,반
伴,짝 반,人,사람 인,7,3급,반
返,돌이킬 반,辵,쉬엄쉬엄갈 착,8,3급,반
叛,배반할 반,又,또 우,9,3급,반
發,필 발,癶,등질 발,12,준6급,발
渤,바다이름 발,水,물 수,12,2급,발
鉢,바리때 발,金,쇠 금|성 김,13,2급,발
髮,터럭 발,髟,늘어질 표,15,4급,발
拔,뽑을 발,手,손 수,8,준3급,발
倣,본뜰 방,人,사람 인,10,3급,방
紡,길쌈 방,糸,실 사|가는실 멱,10,2급,방
旁,곁 방,方,모 방,10,2급,방
訪,찾을 방,言,말씀 언,11,준4급,방
傍,곁 방,人,사람 인,12,3급,방
龐,높은집 방,龍,용 룡,19,2급,방
方,모 방,方,모 방,4,준7급,방
邦,나라 방,邑,고을 읍,7,3급,방
妨,방해할 방,女,계집 녀,7,4급,방
防,막을 방,阜,언덕 부,7,준4급,방
放,놓을 방,攴,칠 복,8,준6급,방
芳,꽃다울 방,艸,풀 초,8,준3급,방
房,방 방,戶,집 호,8,준4급,방
倍,곱 배,人,사람 인,10,5급,배
配,나눌/짝 배,酉,닭 유,10,준4급,배
俳,배우 배,人,사람 인,10,2급,배
培,북돋울 배,土,흙 토,11,준3급,배
排,밀칠 배,手,손 수,11,준3급,배
裵,성 배,衣,옷 의,14,2급,배
輩,무리 배,車,수레 거/차,15,준3급,배
賠,물어줄 배,貝,조개 패,15,2급,배
杯,잔 배,木,나무 목,8,3급,배
拜,절 배,手,손 수,9,준4급,배
背,등 배,肉,고기 육,9,준4급,배
白,흰 백,白,흰 백,5,8급,백
百,일백 백,白,흰 백,6,7급,백
伯,맏 백,人,사람 인,7,준3급,백
柏,측백 백,木,나무 목,9,2급,백
番,차례 번,田,밭 전,12,6급,번
煩,번거로울 번,火,불 화,13,3급,번
繁,번성할 번,糸,실 사|가는실 멱,17,준3급,번
磻,반계 반|반계 번,石,돌 석,17,2급,번
飜,번역할 번,飛,날 비,21,3급,번
筏,뗏목 벌,竹,대 죽,12,2급,벌
罰,벌할 벌,网,그물 망,14,준4급,벌
閥,문벌 벌,門,문 문,14,2급,벌
伐,칠 벌,人,사람 인,6,준4급,벌
範,법 범,竹,대 죽,15,4급,범
凡,무릇 범,几,안석 궤,3,준3급,범
犯,범할 범,犬,개 견,5,4급,범
汎,넓을 범,水,물 수,6,2급,범
范,성 범,艸,풀 초,9,2급,범
法,법 법,水,물 수,8,준5급,법
碧,푸를 벽,石,돌 석,14,준3급,벽
僻,궁벽할 벽,人,사람 인,15,2급,벽
壁,벽 벽,土,흙 토,16,준4급,벽
辨,분별할 변,辛,매울 신,16,3급,변
邊,가 변,辵,쉬엄쉬엄갈 착,19,준4급,변
辯,말씀 변,辛,매울 신,21,4급,변
變,변할 변,言,말씀 언,23,준5급,변
卞,성 변,卜,점 복,4,2급,변
弁,고깔 변,廾,받들 공,5,2급,변
別,다를/나눌 별,刀,칼 도,7,6급,별
病,병 병,疒,병들어기댈 녁,10,6급,병
竝,나란히 병,立,설 립,10,3급,병
倂,아우를 병,人,사람 인,10,2급,병
屛,병풍 병,尸,주검 시,11,3급,병
丙,남녘 병,一,한 일,5,준3급,병
兵,병사 병,八,여덟 팔,7,준5급,병
秉,잡을 병,禾,벼 화,8,2급,병
昺,밝을 병,日,날 일,9,2급,병
昞,밝을 병,日,날 일,9,2급,병
柄,자루 병,木,나무 목,9,2급,병
炳,불꽃 병,火,불 화,9,2급,병
補,기울 보,衣,옷 의,12,준3급,보
普,넓을 보,日,날 일,12,4급,보
報,갚을/알릴 보,土,흙 토,12,준4급,보
輔,도울 보,車,수레 거/차,14,2급,보
潽,물이름 보,水,물 수,15,2급,보
譜,족보 보,言,말씀 언,19,준3급,보
寶,보배 보,宀,집 면,20,준4급,보
步,걸음 보,止,그칠 지,7,준4급,보
甫,클 보,用,쓸 용,7,2급,보
保,지킬 보,人,사람 인,9,준4급,보
復,회복할 복|다시 부,彳,조금걸을 척,12,준4급,복
腹,배 복,肉,고기 육,13,준3급,복
福,복 복,示,보일 시,14,준5급,복
複,겹칠 복,衣,옷 의,14,4급,복
馥,향기 복,香,향기 향,18,2급,복
卜,점 복,卜,점 복,2,3급,복
伏,엎드릴 복,人,사람 인,6,4급,복
服,옷 복,月,달 월,8,6급,복
本,근본 본,木,나무 목,5,6급,본
峯,봉우리 봉,山,메 산,10,준3급,봉
俸,녹 봉,人,사람 인,10,2급,봉
逢,만날 봉,辵,쉬엄쉬엄갈 착,11,준3급,봉
蜂,벌 봉,虫,벌레 훼,13,3급,봉
鳳,봉새 봉,鳥,새 조,14,준3급,봉
蓬,쑥 봉,艸,풀 초,15,2급,봉
縫,꿰맬 봉,糸,실 사|가는실 멱,17,2급,봉
奉,받들 봉,大,큰 대,8,준5급,봉
封,봉할 봉,寸,마디 촌,9,준3급,봉
浮,뜰 부,水,물 수,10,준3급,부
釜,가마 부,金,쇠 금|성 김,10,2급,부
部,떼 부,邑,고을 읍,11,준6급,부
符,부호 부,竹,대 죽,11,준3급,부
副,버금 부,刀,칼 도,11,준4급,부
婦,며느리 부,女,계집 녀,11,준4급,부
富,부자 부,宀,집 면,12,준4급,부
傅,스승 부,人,사람 인,12,2급,부
腐,썩을 부,肉,고기 육,14,준3급,부
賦,부세 부,貝,조개 패,15,준3급,부
敷,펼 부,攴,칠 복,15,2급,부
膚,살갗 부,肉,고기 육,15,2급,부
覆,덮을 부|다시 복,襾,덮을 아,18,준3급,부
簿,문서 부,竹,대 죽,19,준3급,부
父,아비 부,父,아비 부,4,8급,부
夫,지아비 부,大,큰 대,4,7급,부
付,부칠 부,人,사람 인,5,준3급,부
扶,도울 부,手,손 수,7,준3급,부
否,아닐 부,口,입 구,7,4급,부
附,붙을 부,阜,언덕 부,8,준3급,부
府,마을 부,广,집 엄,8,준4급,부
阜,언덕 부,阜,언덕 부,8,2급,부
赴,다다를/갈 부,走,달릴 주,9,3급,부
負,질 부,貝,조개 패,9,4급,부
俛,힘쓸/구푸릴 면|숙일 부,人,사람 인,9,2급,부
北,북녘 북|달아날 배,匕,비수 비,5,8급,북
紛,어지러울 분,糸,실 사|가는실 멱,10,준3급,분
粉,가루 분,米,쌀 미,10,4급,분
墳,무덤 분,土,흙 토,15,3급,분
憤,분할 분,心,마음 심,15,4급,분
奮,떨칠 분,大,큰 대,16,준3급,분
分,나눌 분,刀,칼 도,4,준6급,분
奔,달릴 분,大,큰 대,8,준3급,분
芬,향기 분,艸,풀 초,8,2급,분
不,아닐 불,一,한 일,4,준7급,불
弗,아닐/말 불,弓,활 궁,5,2급,불
佛,부처 불,人,사람 인,7,준4급,불
拂,떨칠 불,手,손 수,8,준3급,불
崩,무너질 붕,山,메 산,11,3급,붕
鵬,새 붕,鳥,새 조,19,2급,붕
朋,벗 붕,月,달 월,8,3급,붕
祕,숨길 비,示,보일 시,10,4급,비
匪,비적 비,匚,상자 방,10,2급,비
婢,계집종 비,女,계집 녀,11,준3급,비
費,쓸 비,貝,조개 패,12,5급,비
備,갖출 비,人,사람 인,12,준4급,비
悲,슬플 비,心,마음 심,12,준4급,비
碑,비석 비,石,돌 석,13,4급,비
鼻,코 비,鼻,코 비,14,5급,비
比,견줄 비,比,견줄 비,4,5급,비
丕,클 비,一,한 일,5,2급,비
妃,왕비 비,女,계집 녀,6,준3급,비
批,비평할 비,手,손 수,7,4급,비
肥,살찔 비,肉,고기 육,8,준3급,비
卑,낮을 비,十,열 십,8,준3급,비
非,아닐 비,非,아닐 비,8,준4급,비
飛,날 비,飛,날 비,9,준4급,비
毖,삼갈 비,比,견줄 비,9,2급,비
毘,도울 비,比,견줄 비,9,2급,비
貧,가난할 빈,貝,조개 패,11,준4급,빈
彬,빛날 빈,彡,터럭 삼,11,2급,빈
賓,손 빈,貝,조개 패,14,3급,빈
頻,자주 빈,頁,머리 혈,16,3급,빈
聘,부를 빙,耳,귀 이,13,3급,빙
氷,얼음 빙,水,물 수,5,5급,빙
射,쏠 사,寸,마디 촌,10,4급,사
師,스승 사,巾,수건 건,10,준4급,사
唆,부추길 사,口,입 구,10,2급,사
捨,버릴 사,手,손 수,11,3급,사
蛇,긴뱀 사,虫,벌레 훼,11,준3급,사
斜,비낄 사,斗,말 두,11,준3급,사
赦,용서할 사,赤,붉을 적,11,2급,사
斯,이 사,斤,근/날 근,12,3급,사
詐,속일 사,言,말씀 언,12,3급,사
詞,말/글 사,言,말씀 언,12,준3급,사
絲,실 사,糸,실 사|가는실 멱,12,4급,사
飼,기를 사,食,밥/먹을 식,14,2급,사
寫,베낄 사,宀,집 면,15,5급,사
賜,줄 사,貝,조개 패,15,3급,사
謝,사례할 사,言,말씀 언,17,준4급,사
辭,말씀 사,辛,매울 신,19,4급,사
士,선비 사,士,선비 사,3,준5급,사
巳,뱀 사,己,몸 기,3,3급,사
四,넉 사,囗,에워쌀 위|나라 국,5,8급,사
史,사기 사,口,입 구,5,준5급,사
仕,섬길 사,人,사람 인,5,준5급,사
司,맡을 사,口,입 구,5,준3급,사
死,죽을 사,歹,뼈앙상할 알|나쁠 대,6,6급,사
寺,절 사,寸,마디 촌,6,준4급,사
似,닮을 사,人,사람 인,7,3급,사
邪,간사할 사,邑,고을 읍,7,준3급,사
沙,모래 사,水,물 수,7,준3급,사
私,사사 사,禾,벼 화,7,4급,사
事,일 사,亅,갈고리 궐,8,준7급,사
社,모일 사,示,보일 시,8,준6급,사
使,하여금/부릴 사,人,사람 인,8,6급,사
祀,제사 사,示,보일 시,8,준3급,사
舍,집 사,舌,혀 설,8,준4급,사
泗,물이름 사,水,물 수,8,2급,사
思,생각 사,心,마음 심,9,5급,사
査,조사할 사,木,나무 목,9,5급,사
朔,초하루 삭,月,달 월,10,3급,삭
削,깎을 삭,刀,칼 도,9,준3급,삭
産,낳을 산,生,날 생,11,준5급,산
散,흩을 산,攴,칠 복,12,4급,산
傘,우산 산,人,사람 인,12,2급,산
算,셈 산,竹,대 죽,14,7급,산
酸,실 산,酉,닭 유,14,2급,산
山,메 산,山,메 산,3,8급,산
殺,죽일 살|감할/빠를 쇄,殳,창 수,11,준4급,살
森,수풀 삼,木,나무 목,12,준3급,삼
蔘,삼 삼,艸,풀 초,15,2급,삼
三,석 삼,一,한 일,3,8급,삼
揷,꽂을 삽,手,손 수,12,2급,삽
桑,뽕나무 상,木,나무 목,10,준3급,상
商,장사 상,口,입 구,11,준5급,상
祥,상서 상,示,보일 시,11,3급,상
常,떳떳할 상,巾,수건 건,11,준4급,상
喪,잃을 상,口,입 구,12,준3급,상
象,코끼리 상,豕,돼지 시,12,4급,상
詳,자세할 상,言,말씀 언,13,준3급,상
傷,다칠 상,人,사람 인,13,4급,상
想,생각 상,心,마음 심,13,준4급,상
嘗,맛볼 상,口,입 구,14,3급,상
裳,치마 상,衣,옷 의,14,준3급,상
像,모양 상,人,사람 인,14,준3급,상
賞,상줄 상,貝,조개 패,15,5급,상
箱,상자 상,竹,대 죽,15,2급,상
霜,서리 상,雨,비 우,17,준3급,상
償,갚을 상,人,사람 인,17,준3급,상
上,윗 상,一,한 일,3,준7급,상
床,상 상,广,집 엄,7,준4급,상
尙,오히려 상,小,작을 소,8,준3급,상
狀,형상 상|문서 장,犬,개 견,8,준4급,상
相,서로 상,目,눈 목,9,준5급,상
庠,학교 상,广,집 엄,9,2급,상
索,찾을 색|노 삭,糸,실 사|가는실 멱,10,준3급,색
塞,막힐 색|변방 새,土,흙 토,13,준3급,색
色,빛 색,色,빛 색,6,7급,색
生,날 생,生,날 생,5,8급,생
書,글 서,曰,가로 왈,10,준6급,서
恕,용서할 서,心,마음 심,10,준3급,서
徐,천천할 서,彳,조금걸을 척,10,준3급,서
敍,펼 서,攴,칠 복,11,3급,서
逝,갈 서,辵,쉬엄쉬엄갈 착,11,3급,서
庶,여러 서,广,집 엄,11,3급,서
舒,펼 서,舌,혀 설,12,2급,서
暑,더울 서,日,날 일,13,3급,서
瑞,상서 서,玉,구슬 옥,13,2급,서
誓,맹세할 서,言,말씀 언,14,3급,서
署,마을 서,网,그물 망,14,준3급,서
緖,실마리 서,糸,실 사|가는실 멱,15,준3급,서
西,서녘 서,襾,덮을 아,6,8급,서
序,차례 서,广,집 엄,7,5급,서
席,자리 석,巾,수건 건,10,6급,석
惜,아낄 석,心,마음 심,11,준3급,석
晳,밝을 석,日,날 일,12,2급,석
碩,클 석,石,돌 석,14,2급,석
奭,클/쌍백 석,大,큰 대,15,2급,석
錫,주석 석,金,쇠 금|성 김,16,2급,석
釋,풀 석,釆,나눌 변,20,준3급,석
夕,저녁 석,夕,저녁 석,3,7급,석
石,돌 석,石,돌 석,5,6급,석
昔,예 석,日,날 일,8,3급,석
析,쪼갤 석,木,나무 목,8,3급,석
船,배 선,舟,배 주,11,5급,선
旋,돌 선,方,모 방,11,준3급,선
善,착할 선,口,입 구,12,5급,선
單,홑 단,口,입 구,12,준4급,선
瑄,도리옥 선,玉,구슬 옥,13,2급,선
線,줄 선,糸,실 사|가는실 멱,15,준6급,선
璇,옥 선,玉,구슬 옥,15,2급,선
選,가릴 선,辵,쉬엄쉬엄갈 착,16,5급,선
鮮,고울 선,魚,고기/물고기 어,17,준5급,선
禪,선 선,示,보일 시,17,준3급,선
繕,기울 선,糸,실 사|가는실 멱,18,2급,선
璿,구슬 선,玉,구슬 옥,18,2급,선
仙,신선 선,人,사람 인,5,준5급,선
先,먼저 선,儿,어진사람 인,6,8급,선
宣,베풀 선,宀,집 면,9,4급,선
雪,눈 설,雨,비 우,11,준6급,설
設,베풀 설,言,말씀 언,11,준4급,설
卨,사람이름 설,卜,점 복,11,2급,설
說,말씀 설|달랠 세,言,말씀 언,14,준5급,설
薛,성 설,艸,풀 초,17,2급,설
舌,혀 설,舌,혀 설,6,4급,설
陝,땅이름 섬,阜,언덕 부,10,2급,섬
暹,햇살치밀/나라이름 섬,日,날 일,16,2급,섬
蟾,두꺼비 섬,虫,벌레 훼,19,2급,섬
纖,가늘 섬,糸,실 사|가는실 멱,23,2급,섬
涉,건널 섭,水,물 수,10,3급,섭
燮,불꽃 섭,火,불 화,17,2급,섭
攝,다스릴/잡을 섭,手,손 수,21,3급,섭
城,재 성,土,흙 토,10,준4급,성
晟,밝을 성,日,날 일,11,2급,성
盛,성할 성,皿,그릇 명,12,준4급,성
聖,성인 성,耳,귀 이,13,준4급,성
誠,정성 성,言,말씀 언,14,준4급,성
聲,소리 성,耳,귀 이,17,준4급,성
成,이룰 성,戈,창 과,7,준6급,성
姓,성 성,女,계집 녀,8,준7급,성
性,성품 성,心,마음 심,8,준5급,성
省,살필 성|덜 생,目,눈 목,9,준6급,성
星,별 성,日,날 일,9,준4급,성
細,가늘 세,糸,실 사|가는실 멱,11,준4급,세
稅,세금 세,禾,벼 화,12,준4급,세
貰,세놓을 세,貝,조개 패,12,2급,세
歲,해 세,止,그칠 지,13,준5급,세
勢,형세 세,力,힘 력,13,준4급,세
世,인간 세,一,한 일,5,준7급,세
洗,씻을 세,水,물 수,9,준5급,세
消,사라질 소,水,물 수,10,준6급,소
笑,웃음 소,竹,대 죽,10,준4급,소
素,본디/흴 소,糸,실 사|가는실 멱,10,준4급,소
掃,쓸 소,手,손 수,11,준4급,소
紹,이을 소,糸,실 사|가는실 멱,11,2급,소
巢,새집 소,巛,내 천,11,2급,소
訴,호소할 소,言,말씀 언,12,준3급,소
疏,소통할 소,疋,짝 필,12,준3급,소
蔬,나물 소,艸,풀 초,16,3급,소
燒,사를 소,火,불 화,16,준3급,소
騷,떠들 소,馬,말 마,20,3급,소
蘇,되살아날 소,艸,풀 초,20,준3급,소
小,작을 소,小,작을 소,3,8급,소
少,적을 소,小,작을 소,4,7급,소
召,부를 소,口,입 구,5,3급,소
所,바 소,戶,집 호,8,7급,소
沼,못 소,水,물 수,8,2급,소
邵,땅이름/성 소,邑,고을 읍,8,2급,소
昭,밝을 소,日,날 일,9,3급,소
速,빠를 속,辵,쉬엄쉬엄갈 착,11,6급,속
粟,조 속,米,쌀 미,12,3급,속
屬,붙일 속,尸,주검 시,21,4급,속
續,이을 속,糸,실 사|가는실 멱,21,준4급,속
束,묶을 속,木,나무 목,7,준5급,속
俗,풍속 속,人,사람 인,9,준4급,속
孫,손자 손,子,아들 자,10,6급,손
損,덜 손,手,손 수,13,4급,손
送,보낼 송,辵,쉬엄쉬엄갈 착,10,준4급,송
訟,송사할 송,言,말씀 언,11,준3급,송
頌,기릴/칭송할 송,頁,머리 혈,13,4급,송
誦,욀 송,言,말씀 언,14,3급,송
宋,성씨/송나라 송,宀,집 면,7,2급,송
松,소나무 송,木,나무 목,8,4급,송
鎖,쇠사슬 쇄,金,쇠 금|성 김,18,준3급,쇄
刷,인쇄할 쇄,刀,칼 도,8,준3급,쇄
衰,쇠할 쇠,衣,옷 의,10,준3급,쇠
殊,다를 수,歹,뼈앙상할 알|나쁠 대,10,준3급,수
修,닦을 수,人,사람 인,10,준4급,수
授,줄 수,手,손 수,11,준4급,수
須,모름지기 수,頁,머리 혈,12,3급,수
搜,찾을 수,手,손 수,12,3급,수
隋,수나라 수,阜,언덕 부,12,2급,수
睡,졸음 수,目,눈 목,13,3급,수
遂,드디어 수,辵,쉬엄쉬엄갈 착,13,3급,수
愁,근심 수,心,마음 심,13,준3급,수
壽,목숨 수,士,선비 사,14,준3급,수
需,쓰일/쓸 수,雨,비 우,14,준3급,수
銖,저울눈 수,金,쇠 금|성 김,14,2급,수
數,셈 수,攴,칠 복,15,7급,수
誰,누구 수,言,말씀 언,15,3급,수
樹,나무 수,木,나무 목,16,6급,수
輸,보낼 수,車,수레 거/차,16,준3급,수
隨,따를 수,阜,언덕 부,16,준3급,수
雖,비록 수,隹,새 추,17,3급,수
獸,짐승 수,犬,개 견,19,준3급,수
水,물 수,水,물 수,4,8급,수
手,손 수,手,손 수,4,준7급,수
囚,가둘 수,囗,에워쌀 위|나라 국,5,3급,수
守,지킬 수,宀,집 면,6,준4급,수
收,거둘 수,攴,칠 복,6,준4급,수
秀,빼어날 수,禾,벼 화,7,4급,수
垂,드리울 수,土,흙 토,8,준3급,수
受,받을 수,又,또 우,8,준4급,수
首,머리 수,首,머리 수,9,준5급,수
帥,장수 수,巾,수건 건,9,준3급,수
洙,물가 수,水,물 수,9,2급,수
宿,잘 숙|별자리 수,宀,집 면,11,준5급,숙
孰,누구 숙,子,아들 자,11,3급,숙
淑,맑을 숙,水,물 수,11,준3급,숙
肅,엄숙할 숙,聿,붓 율,13,4급,숙
熟,익을 숙,火,불 화,15,준3급,숙
叔,아재비 숙,又,또 우,8,4급,숙
殉,따라죽을 순,歹,뼈앙상할 알|나쁠 대,10,3급,순
純,순수할 순,糸,실 사|가는실 멱,10,준4급,순
珣,옥이름 순,玉,구슬 옥,10,2급,순
荀,풀이름 순,艸,풀 초,10,2급,순
脣,입술 순,肉,고기 육,11,3급,순
淳,순박할 순,水,물 수,11,2급,순
順,순할 순,頁,머리 혈,12,준5급,순
循,돌 순,彳,조금걸을 척,12,3급,순
舜,순임금 순,舛,어그러질 천,12,2급,순
瞬,눈깜짝일 순,目,눈 목,17,준3급,순
旬,열흘 순,日,날 일,6,준3급,순
巡,돌/순행할 순,巛,내 천,7,준3급,순
盾,방패 순,目,눈 목,9,2급,순
洵,참으로 순,水,물 수,9,2급,순
術,재주 술,行,다닐 행|항렬 항,11,준6급,술
戌,개 술,戈,창 과,6,3급,술
述,펼 술,辵,쉬엄쉬엄갈 착,9,준3급,술
崇,높을 숭,山,메 산,11,4급,숭
瑟,큰거문고 슬,玉,구슬 옥,13,2급,슬
習,익힐 습,羽,깃 우,11,6급,습
濕,젖을 습,水,물 수,17,준3급,습
襲,엄습할 습,衣,옷 의,22,준3급,습
拾,주울 습|열 십,手,손 수,9,준3급,습
乘,탈 승,丿,삐침 별,10,준3급,승
勝,이길 승,力,힘 력,12,6급,승
僧,중 승,人,사람 인,14,준3급,승
繩,노끈 승,糸,실 사|가는실 멱,19,2급,승
升,되 승,十,열 십,4,2급,승
昇,오를 승,日,날 일,8,준3급,승
承,이을 승,手,손 수,8,준4급,승
時,때 시,日,날 일,10,준7급,시
柴,섶 시,木,나무 목,10,2급,시
視,볼 시,見,볼 견|뵈올 현,12,준4급,시
詩,시 시,言,말씀 언,13,준4급,시
試,시험 시,言,말씀 언,13,준4급,시
市,저자 시,巾,수건 건,5,준7급,시
示,보일 시,示,보일 시,5,5급,시
矢,화살 시,矢,화살 시,5,3급,시
始,비로소 시,女,계집 녀,8,준6급,시
侍,모실 시,人,사람 인,8,준3급,시
施,베풀 시,方,모 방,9,준4급,시
是,이/옳을 시,日,날 일,9,준4급,시
屍,주검 시,尸,주검 시,9,2급,시
息,쉴 식,心,마음 심,10,준4급,식
植,심을 식,木,나무 목,12,7급,식
殖,불릴 식,歹,뼈앙상할 알|나쁠 대,12,2급,식
湜,물맑을 식,水,물 수,12,2급,식
軾,수레가로나무 식,車,수레 거/차,13,2급,식
飾,꾸밀 식,食,밥/먹을 식,14,준3급,식
識,알 식,言,말씀 언,19,준5급,식
式,법 식,弋,주살 익,6,6급,식
食,밥/먹을 식,食,밥/먹을 식,9,준7급,식
神,귀신 신,示,보일 시,10,준6급,신
晨,새벽 신,日,날 일,11,3급,신
紳,띠 신,糸,실 사|가는실 멱,11,2급,신
腎,콩팥 신,肉,고기 육,12,2급,신
新,새 신,斤,근/날 근,13,준6급,신
愼,삼갈 신,心,마음 심,13,준3급,신
申,납 신,田,밭 전,5,준4급,신
臣,신하 신,臣,신하 신,6,준5급,신
身,몸 신,身,몸 신,7,준6급,신
辛,매울 신,辛,매울 신,7,3급,신
伸,펼 신,人,사람 인,7,3급,신
信,믿을 신,人,사람 인,9,준6급,신
實,열매 실,宀,집 면,14,준5급,실
失,잃을 실,大,큰 대,5,6급,실
室,집 실,宀,집 면,9,8급,실
深,깊을 심,水,물 수,11,준4급,심
尋,찾을 심,寸,마디 촌,12,3급,심
審,살필 심,宀,집 면,15,준3급,심
瀋,즙낼/물이름 심,水,물 수,18,2급,심
心,마음 심,心,마음 심,4,7급,심
甚,심할 심,甘,달 감,9,준3급,심
十,열 십,十,열 십,2,8급,십
雙,두 쌍,隹,새 추,18,준3급,쌍
氏,각시/성씨 씨,氏,각시/성씨 씨,4,4급,씨
雅,맑을 아,隹,새 추,12,준3급,아
餓,주릴 아,食,밥/먹을 식,16,3급,아
牙,어금니 아,牙,어금니 아,4,준3급,아
我,나 아,戈,창 과,7,준3급,아
兒,아이 아,儿,어진사람 인,8,준5급,아
阿,언덕 아,阜,언덕 부,8,준3급,아
亞,버금 아,二,두 이,8,준3급,아
芽,싹 아,艸,풀 초,8,준3급,아
惡,악할 악|미워할 오,心,마음 심,12,준5급,악
握,쥘 악,手,손 수,12,2급,악
岳,큰산 악,山,메 산,8,3급,악
案,책상 안,木,나무 목,10,5급,안
眼,눈 안,目,눈 목,11,준4급,안
雁,기러기 안,隹,새 추,12,3급,안
顔,낯 안,頁,머리 혈,18,준3급,안
安,편안 안,宀,집 면,6,준7급,안
岸,언덕 안,山,메 산,8,준3급,안
謁,뵐 알,言,말씀 언,16,3급,알
閼,막을 알,門,문 문,16,2급,알
暗,어두울 암,日,날 일,13,준4급,암
癌,암 암,疒,병들어기댈 녁,17,2급,암
巖,바위 암,山,메 산,23,준3급,암
鴨,오리 압,鳥,새 조,16,2급,압
壓,누를 압,土,흙 토,17,준4급,압
押,누를 압,手,손 수,8,3급,압
央,가운데 앙,大,큰 대,5,준3급,앙
仰,우러를 앙,人,사람 인,6,준3급,앙
殃,재앙 앙,歹,뼈앙상할 알|나쁠 대,9,3급,앙
埃,티끌 애,土,흙 토,10,2급,애
涯,물가 애,水,물 수,11,3급,애
愛,사랑 애,心,마음 심,13,6급,애
礙,거리낄 애,石,돌 석,19,2급,애
艾,쑥 애,艸,풀 초,6,2급,애
哀,슬플 애,口,입 구,9,준3급,애
液,진 액,水,물 수,11,준4급,액
額,이마 액,頁,머리 혈,18,4급,액
厄,액 액,厂,기슭 한,4,3급,액
野,들 야,里,마을 리,11,6급,야
倻,나라 이름 야,人,사람 인,11,2급,야
惹,이끌 야,心,마음 심,13,2급,야
也,이끼/어조사 야,乙,둘째 천간 을,3,3급,야
夜,밤 야,夕,저녁 석,8,6급,야
耶,어조사 야,耳,귀 이,9,3급,야
弱,약할 약,弓,활 궁,10,준6급,약
藥,약 약,艸,풀 초,19,준6급,약
躍,뛸 약,足,발 족 / 족할 족,21,3급,약
約,맺을 약,糸,실 사|가는실 멱,9,준5급,약
若,같을 약|반야 야,艸,풀 초,9,준3급,약
陽,볕 양,阜,언덕 부,12,6급,양
揚,날릴 양,手,손 수,12,준3급,양
楊,버들 양,木,나무 목,13,3급,양
養,기를 양,食,밥/먹을 식,15,준5급,양
樣,모양 양,木,나무 목,15,4급,양
襄,도울 양,衣,옷 의,17,2급,양
壤,흙덩이 양,土,흙 토,20,준3급,양
孃,아가씨 양,女,계집 녀,20,2급,양
讓,사양할 양,言,말씀 언,24,준3급,양
羊,양 양,羊,양 양,6,준4급,양
洋,큰바다 양,水,물 수,9,6급,양
魚,고기/물고기 어,魚,고기/물고기 어,11,5급,어
御,거느릴 어,彳,조금걸을 척,12,준3급,어
語,말씀 어,言,말씀 언,14,7급,어
漁,고기잡을 어,水,물 수,14,5급,어
於,어조사 어|탄식할 오,方,모 방,8,3급,어
億,억 억,人,사람 인,15,5급,억
憶,생각할 억,心,마음 심,16,준3급,억
抑,누를 억,手,손 수,7,준3급,억
焉,어찌 언,火,불 화,11,3급,언
言,말씀 언,言,말씀 언,7,6급,언
彦,선비 언,彡,터럭 삼,9,2급,언
嚴,엄할 엄,口,입 구,20,4급,엄
業,업 업,木,나무 목,13,준6급,업
與,더불/줄 여,臼,절구 구,14,4급,여
餘,남을 여,食,밥/먹을 식,16,준4급,여
輿,수레 여,車,수레 거/차,17,3급,여
予,나 여,亅,갈고리 궐,4,3급,여
汝,너 여,水,물 수,6,3급,여
如,같을 여,女,계집 녀,6,준4급,여
余,나 여,人,사람 인,7,3급,여
逆,거스릴 역,辵,쉬엄쉬엄갈 착,10,준4급,역
域,지경 역,土,흙 토,11,4급,역
譯,번역할 역,言,말씀 언,20,준3급,역
驛,역 역,馬,말 마,23,준3급,역
亦,또 역,亠,돼지해머리 두,6,준3급,역
役,부릴 역,彳,조금걸을 척,7,준3급,역
易,바꿀 역|쉬울 이,日,날 일,8,4급,역
疫,전염병 역,疒,병들어기댈 녁,9,준3급,역
宴,잔치 연,宀,집 면,10,준3급,연
軟,연할 연,車,수레 거/차,11,준3급,연
硏,갈 연,石,돌 석,11,준4급,연
然,그럴 연,火,불 화,12,7급,연
硯,벼루 연,石,돌 석,12,2급,연
淵,못 연,水,물 수,12,2급,연
鉛,납 연,金,쇠 금|성 김,13,4급,연
煙,연기 연,火,불 화,13,준4급,연
演,펼 연,水,물 수,14,준4급,연
緣,인연 연,糸,실 사|가는실 멱,15,4급,연
燕,제비 연,火,불 화,16,준3급,연
燃,탈 연,火,불 화,16,4급,연
延,늘일 연,廴,길게걸을 인,7,4급,연
沿,물따라갈/따를 연,水,물 수,8,준3급,연
衍,넓을 연,行,다닐 행|항렬 항,9,2급,연
姸,고울 연,女,계집 녀,9,2급,연
悅,기쁠 열,心,마음 심,10,준3급,열
熱,더울 열,火,불 화,15,5급,열
閱,볼 열,門,문 문,15,3급,열
厭,싫어할 염,厂,기슭 한,14,2급,염
閻,마을 염,門,문 문,16,2급,염
鹽,소금 염,鹵,개펄 로,24,준3급,염
炎,불꽃 염,火,불 화,8,준3급,염
染,물들 염,木,나무 목,9,준3급,염
葉,잎 엽,艸,풀 초,13,5급,엽
燁,빛날 엽,火,불 화,15,2급,엽
詠,읊을 영,言,말씀 언,12,3급,영
瑛,옥빛 영,玉,구슬 옥,13,2급,영
暎,비칠 영,日,날 일,13,2급,영
榮,영화 영,木,나무 목,14,준4급,영
影,그림자 영,彡,터럭 삼,15,준3급,영
瑩,밝을 형|옥돌 영,玉,구슬 옥,15,2급,영
營,경영할 영,火,불 화,17,4급,영
永,길 영,水,물 수,5,6급,영
泳,헤엄칠 영,水,물 수,8,3급,영
迎,맞을 영,辵,쉬엄쉬엄갈 착,8,4급,영
英,꽃부리 영,艸,풀 초,9,6급,영
映,비칠 영,日,날 일,9,4급,영
盈,찰 영,皿,그릇 명,9,2급,영
預,맡길/미리 예,頁,머리 혈,13,2급,예
睿,슬기 예,目,눈 목,14,2급,예
銳,날카로울 예,金,쇠 금|성 김,15,3급,예
豫,미리 예,豕,돼지 시,16,4급,예
濊,종족이름 예,水,물 수,16,2급,예
藝,재주 예,艸,풀 초,19,준4급,예
譽,기릴/명예 예,言,말씀 언,21,준3급,예
芮,성 예,艸,풀 초,8,2급,예
娛,즐길 오,女,계집 녀,10,3급,오
烏,까마귀 오,火,불 화,10,준3급,오
悟,깨달을 오,心,마음 심,10,준3급,오
梧,오동나무 오,木,나무 목,11,2급,오
嗚,슬플 오,口,입 구,13,3급,오
傲,거만할 오,人,사람 인,13,3급,오
誤,그르칠 오,言,말씀 언,14,준4급,오
墺,물가 오,土,흙 토,16,2급,오
五,다섯 오,二,두 이,4,8급,오
午,낮 오,十,열 십,4,준7급,오
汚,더러울 오,水,물 수,6,3급,오
吾,나 오,口,입 구,7,3급,오
吳,성 오,口,입 구,7,2급,오
鈺,보배 옥,金,쇠 금|성 김,13,2급,옥
獄,옥 옥,犬,개 견,14,준3급,옥
玉,구슬 옥,玉,구슬 옥,5,준4급,옥
沃,기름질 옥,水,물 수,7,2급,옥
屋,집 옥,尸,주검 시,9,5급,옥
溫,따뜻할 온,水,물 수,13,6급,온
穩,편안할 온,禾,벼 화,19,2급,온
翁,늙은이 옹,羽,깃 우,10,3급,옹
邕,막힐 옹,邑,고을 읍,10,2급,옹
雍,화할 옹,隹,새 추,13,2급,옹
擁,낄 옹,手,손 수,16,3급,옹
甕,독 옹,瓦,기와 와,18,2급,옹
瓦,기와 와,瓦,기와 와,5,준3급,와
臥,누울 와,臣,신하 신,8,3급,와
緩,느릴 완,糸,실 사|가는실 멱,15,준3급,완
完,완전할 완,宀,집 면,7,5급,완
曰,가로 왈,曰,가로 왈,4,3급,왈
王,임금 왕,玉,구슬 옥,4,8급,왕
汪,넓을 왕,水,물 수,7,2급,왕
往,갈 왕,彳,조금걸을 척,8,준4급,왕
旺,왕성할 왕,日,날 일,8,2급,왕
倭,왜나라 왜,人,사람 인,10,2급,왜
外,바깥 외,夕,저녁 석,5,8급,외
畏,두려워할 외,田,밭 전,9,3급,외
歪,기울 왜|기울 외,止,그칠 지,9,2급,외
堯,요임금 요,土,흙 토,12,2급,요
腰,허리 요,肉,고기 육,13,3급,요
搖,흔들 요,手,손 수,13,3급,요
遙,멀 요,辵,쉬엄쉬엄갈 착,14,3급,요
謠,노래 요,言,말씀 언,17,준4급,요
曜,빛날 요,日,날 일,18,5급,요
耀,빛날 요,羽,깃 우,20,2급,요
妖,요사할 요,女,계집 녀,7,2급,요
要,요긴할 요,襾,덮을 아,9,준5급,요
姚,예쁠 요,女,계집 녀,9,2급,요
浴,목욕할 욕,水,물 수,10,5급,욕
辱,욕될 욕,辰,별 진|때 신,10,준3급,욕
欲,하고자할 욕,欠,하품 흠,11,준3급,욕
慾,욕심 욕,心,마음 심,15,준3급,욕
容,얼굴 용,宀,집 면,10,준4급,용
庸,떳떳할 용,广,집 엄,11,3급,용
傭,품팔 용,人,사람 인,13,2급,용
溶,녹을 용,水,물 수,13,2급,용
熔,녹을 용,火,불 화,14,2급,용
瑢,패옥소리 용,玉,구슬 옥,14,2급,용
鎔,쇠녹일 용,金,쇠 금|성 김,18,2급,용
鏞,쇠북 용,金,쇠 금|성 김,19,2급,용
用,쓸 용,用,쓸 용,5,준6급,용
勇,날랠 용,力,힘 력,9,준6급,용
祐,복 우,示,보일 시,10,2급,우
偶,짝 우,人,사람 인,11,준3급,우
郵,우편 우,邑,고을 읍,11,4급,우
愚,어리석을 우,心,마음 심,13,준3급,우
遇,만날 우,辵,쉬엄쉬엄갈 착,13,4급,우
憂,근심 우,心,마음 심,15,준3급,우
優,넉넉할 우,人,사람 인,17,4급,우
又,또 우,又,또 우,2,3급,우
于,어조사 우,二,두 이,3,3급,우
友,벗 우,又,또 우,4,준5급,우
牛,소 우,牛,소 우,4,5급,우
尤,더욱 우,尢,절름발이 왕,4,3급,우
右,오를/오른(쪽) 우,口,입 구,5,준7급,우
宇,집 우,宀,집 면,6,준3급,우
羽,깃 우,羽,깃 우,6,준3급,우
佑,도울 우,人,사람 인,7,2급,우
雨,비 우,雨,비 우,8,준5급,우
禹,성 우,禸,발자국 유,9,2급,우
煜,빛날 욱,火,불 화,13,2급,욱
頊,삼갈 욱,頁,머리 혈,13,2급,욱
旭,아침해 욱,日,날 일,6,2급,욱
昱,햇빛밝을 욱,日,날 일,9,2급,욱
郁,성할 욱,邑,고을 읍,9,2급,욱
雲,구름 운,雨,비 우,12,준5급,운
運,옮길 운,辵,쉬엄쉬엄갈 착,13,준6급,운
韻,운 운,音,소리 음,19,준3급,운
云,이를 운,二,두 이,4,3급,운
芸,향풀 운,艸,풀 초,8,2급,운
尉,벼슬 위|다리미 울,寸,마디 촌,11,2급,울
蔚,고을이름 울,艸,풀 초,15,2급,울
鬱,답답할 울,鬯,향풀 창,29,2급,울
雄,수컷 웅,隹,새 추,12,5급,웅
熊,곰 웅,火,불 화,14,2급,웅
原,언덕 원,厂,기슭 한,10,5급,원
院,집 원,阜,언덕 부,10,5급,원
員,인원 원,口,입 구,10,준4급,원
袁,성 원,衣,옷 의,10,2급,원
援,도울 원,手,손 수,12,4급,원
媛,계집 원,女,계집 녀,12,2급,원
園,동산 원,囗,에워쌀 위|나라 국,13,6급,원
源,근원 원,水,물 수,13,4급,원
圓,둥글 원,囗,에워쌀 위|나라 국,13,준4급,원
瑗,구슬 원,玉,구슬 옥,13,2급,원
遠,멀 원,辵,쉬엄쉬엄갈 착,14,6급,원
願,원할 원,頁,머리 혈,19,5급,원
元,으뜸 원,儿,어진사람 인,4,준5급,원
怨,원망할 원,心,마음 심,9,4급,원
苑,나라동산 원,艸,풀 초,9,2급,원
越,넘을 월,走,달릴 주,12,준3급,월
月,달 월,月,달 월,4,8급,월
偉,클 위,人,사람 인,11,준5급,위
圍,에워쌀 위,囗,에워쌀 위|나라 국,12,4급,위
爲,하/할 위,爪,손톱 조,12,준4급,위
渭,물이름 위,水,물 수,12,2급,위
違,어긋날 위,辵,쉬엄쉬엄갈 착,13,3급,위
僞,거짓 위,人,사람 인,14,준3급,위
緯,씨 위,糸,실 사|가는실 멱,15,3급,위
慰,위로할 위,心,마음 심,15,4급,위
衛,지킬 위,行,다닐 행|항렬 항,15,준4급,위
謂,이를 위,言,말씀 언,16,준3급,위
魏,성 위,鬼,귀신 귀,18,2급,위
危,위태할 위,卩,병부 절,6,4급,위
位,자리 위,人,사람 인,7,5급,위
委,맡길 위,女,계집 녀,8,4급,위
胃,밥통 위,肉,고기 육,9,준3급,위
威,위엄 위,女,계집 녀,9,4급,위
韋,가죽 위,韋,가죽 위,9,2급,위
唯,오직 유,口,입 구,11,3급,유
惟,생각할 유,心,마음 심,11,3급,유
悠,멀 유,心,마음 심,11,준3급,유
庾,곳집/노적가리 유,广,집 엄,11,2급,유
猶,오히려 유,犬,개 견,12,준3급,유
裕,넉넉할 유,衣,옷 의,12,준3급,유
愈,나을 유,心,마음 심,13,3급,유
遊,놀 유,辵,쉬엄쉬엄갈 착,13,4급,유
楡,느릅나무 유,木,나무 목,13,2급,유
維,벼리 유,糸,실 사|가는실 멱,14,준3급,유
誘,꾈 유,言,말씀 언,14,준3급,유
儒,선비 유,人,사람 인,16,4급,유
遺,남길 유,辵,쉬엄쉬엄갈 착,16,4급,유
踰,넘을 유,足,발 족 / 족할 족,16,2급,유
由,말미암을 유,田,밭 전,5,6급,유
幼,어릴 유,幺,작을 요,5,준3급,유
有,있을 유,月,달 월,6,7급,유
酉,닭 유,酉,닭 유,7,3급,유
油,기름 유,水,물 수,8,6급,유
乳,젖 유,乙,둘째 천간 을,8,4급,유
幽,그윽할 유,幺,작을 요,9,준3급,유
柔,부드러울 유,木,나무 목,9,준3급,유
兪,대답할/인월도 유,入,들 입,9,2급,유
肉,고기 육,肉,고기 육,6,준4급,육
育,기를 육,肉,고기 육,8,7급,육
閏,윤달 윤,門,문 문,12,3급,윤
鈗,창 윤,金,쇠 금|성 김,12,2급,윤
潤,불을 윤,水,물 수,15,준3급,윤
允,맏 윤,儿,어진사람 인,4,2급,윤
尹,성 윤,尸,주검 시,4,2급,윤
胤,자손 윤,肉,고기 육,9,2급,윤
融,녹을 융,虫,벌레 훼,16,2급,융
恩,은혜 은,心,마음 심,10,준4급,은
殷,은나라 은,殳,창 수,10,2급,은
銀,은 은,金,쇠 금|성 김,14,6급,은
誾,향기 은,言,말씀 언,15,2급,은
隱,숨을 은,阜,언덕 부,17,4급,은
垠,지경 은,土,흙 토,9,2급,은
乙,새 을,乙,둘째 천간 을,1,준3급,을
淫,음란할 음,水,물 수,11,준3급,음
陰,그늘 음,阜,언덕 부,11,준4급,음
飮,마실 음,食,밥/먹을 식,13,준6급,음
吟,읊을 음,口,입 구,7,3급,음
音,소리 음,音,소리 음,9,준6급,음
邑,고을 읍,邑,고을 읍,7,7급,읍
泣,울 읍,水,물 수,8,3급,읍
凝,엉길 응,冫,얼음 빙,16,3급,응
應,응할 응,心,마음 심,17,준4급,응
鷹,매 응,鳥,새 조,24,2급,응
意,뜻 의,心,마음 심,13,준6급,의
義,옳을 의,羊,양 양,13,준4급,의
疑,의심할 의,疋,짝 필,14,4급,의
儀,거동 의,人,사람 인,15,4급,의
醫,의원 의,酉,닭 유,18,6급,의
議,의논할 의,言,말씀 언,20,준4급,의
衣,옷 의,衣,옷 의,6,6급,의
矣,어조사 의,矢,화살 시,7,3급,의
宜,마땅 의,宀,집 면,8,3급,의
依,의지할 의,人,사람 인,8,4급,의
珥,귀고리 이,玉,구슬 옥,10,2급,이
異,다를 이,田,밭 전,11,4급,이
移,옮길 이,禾,벼 화,11,준4급,이
貳,두/갖은두 이,貝,조개 패,12,2급,이
二,두 이,二,두 이,2,8급,이
已,이미 이,己,몸 기,3,준3급,이
以,써 이,人,사람 인,5,준5급,이
耳,귀 이,耳,귀 이,6,5급,이
而,말이을 이,而,말이을 이,6,3급,이
夷,오랑캐 이,大,큰 대,6,3급,이
伊,저 이,人,사람 인,6,2급,이
怡,기쁠 이,心,마음 심,8,2급,이
益,더할 익,皿,그릇 명,10,준4급,익
翊,도울 익,羽,깃 우,11,2급,익
翼,날개 익,羽,깃 우,17,준3급,익
寅,범/동방 인,宀,집 면,11,3급,인
認,알 인,言,말씀 언,14,준4급,인
人,사람 인,人,사람 인,2,8급,인
刃,칼날 인,刀,칼 도,3,2급,인
仁,어질 인,人,사람 인,4,4급,인
引,끌 인,弓,활 궁,4,준4급,인
因,인할 인,囗,에워쌀 위|나라 국,6,5급,인
印,도장 인,卩,병부 절,6,준4급,인
忍,참을 인,心,마음 심,7,준3급,인
姻,혼인 인,女,계집 녀,9,3급,인
一,한 일,一,한 일,1,8급,일
逸,편안할 일,辵,쉬엄쉬엄갈 착,12,준3급,일
壹,한/갖은한 일,士,선비 사,12,2급,일
鎰,무게이름 일,金,쇠 금|성 김,18,2급,일
日,날 일,日,날 일,4,8급,일
佾,줄춤 일,人,사람 인,8,2급,일
賃,품삯 임,貝,조개 패,13,준3급,임
壬,북방 임,士,선비 사,4,준3급,임
任,맡길 임,人,사람 인,6,준5급,임
妊,아이밸 임,女,계집 녀,7,2급,임
入,들 입,入,들 입,2,7급,입
恣,마음대로/방자할 자,心,마음 심,10,3급,자
玆,이 자,玄,검을 현,10,3급,자
紫,자줏빛 자,糸,실 사|가는실 멱,12,준3급,자
滋,불을 자,水,물 수,12,2급,자
慈,사랑 자,心,마음 심,13,준3급,자
資,재물 자,貝,조개 패,13,4급,자
磁,자석 자,石,돌 석,14,2급,자
雌,암컷 자,隹,새 추,14,2급,자
諮,물을 자,言,말씀 언,16,2급,자
子,아들 자,子,아들 자,3,준7급,자
自,스스로 자,自,스스로 자,6,준7급,자
字,글자 자,子,아들 자,6,7급,자
姉,손윗누이 자,女,계집 녀,8,4급,자
者,놈 자,老,늙을 로,9,6급,자
姿,모양 자,女,계집 녀,9,4급,자
酌,술부을/잔질할 작,酉,닭 유,10,3급,작
爵,벼슬 작,爪,손톱 조,18,3급,작
作,지을 작,人,사람 인,7,준6급,작
昨,어제 작,日,날 일,9,준6급,작
殘,남을 잔,歹,뼈앙상할 알|나쁠 대,12,4급,잔
暫,잠깐 잠,日,날 일,15,준3급,잠
潛,잠길 잠,水,물 수,15,준3급,잠
蠶,누에 잠,虫,벌레 훼,24,2급,잠
雜,섞일 잡,隹,새 추,18,4급,잡
章,글 장,立,설 립,11,6급,장
莊,씩씩할 장,艸,풀 초,11,준3급,장
張,베풀 장,弓,활 궁,11,4급,장
帳,장막 장,巾,수건 건,11,4급,장
將,장수 장,寸,마디 촌,11,준4급,장
場,마당 장,土,흙 토,12,준7급,장
粧,단장할 장,米,쌀 미,12,준3급,장
掌,손바닥 장,手,손 수,12,준3급,장
葬,장사지낼 장,艸,풀 초,13,준3급,장
裝,꾸밀 장,衣,옷 의,13,4급,장
腸,창자 장,肉,고기 육,13,4급,장
障,막을 장,阜,언덕 부,14,준4급,장
獐,노루 장,犬,개 견,14,2급,장
獎,장려할 장,犬,개 견,15,4급,장
璋,홀 장,玉,구슬 옥,15,2급,장
蔣,성 장,艸,풀 초,15,2급,장
墻,담 장,土,흙 토,16,3급,장
藏,감출 장,艸,풀 초,18,준3급,장
臟,오장 장,肉,고기 육,22,준3급,장
丈,어른 장,一,한 일,3,준3급,장
庄,전장 장,广,집 엄,6,2급,장
壯,장할 장,士,선비 사,7,4급,장
長,긴 장,長,긴 장,8,8급,장
財,재물 재,貝,조개 패,10,준5급,재
宰,재상 재,宀,집 면,10,3급,재
栽,심을 재,木,나무 목,10,준3급,재
裁,옷마를 재,衣,옷 의,12,준3급,재
載,실을 재,車,수레 거/차,13,준3급,재
才,재주 재,手,손 수,3,준6급,재
在,있을 재,土,흙 토,6,6급,재
再,두 재,冂,멀 경,6,5급,재
材,재목 재,木,나무 목,7,준5급,재
災,재앙 재,火,불 화,7,5급,재
哉,어조사 재,口,입 구,9,3급,재
爭,다툴 쟁,爪,손톱 조,8,5급,쟁
貯,쌓을 저,貝,조개 패,12,5급,저
著,나타날 저,艸,풀 초,13,준3급,저
低,낮을 저,人,사람 인,7,준4급,저
抵,막을 저,手,손 수,8,준3급,저
底,밑 저,广,집 엄,8,4급,저
沮,막을 저,水,물 수,8,2급,저
寂,고요할 적,宀,집 면,11,준3급,적
笛,피리 적,竹,대 죽,11,준3급,적
跡,발자취 적,足,발 족 / 족할 족,13,준3급,적
賊,도둑 적,貝,조개 패,13,4급,적
滴,물방울 적,水,물 수,14,3급,적
摘,딸 적,手,손 수,14,준3급,적
適,맞을 적,辵,쉬엄쉬엄갈 착,15,4급,적
敵,대적할 적,攴,칠 복,15,준4급,적
積,쌓을 적,禾,벼 화,16,4급,적
績,길쌈 적,糸,실 사|가는실 멱,17,4급,적
蹟,자취 적,足,발 족 / 족할 족,18,준3급,적
籍,문서 적,竹,대 죽,20,4급,적
赤,붉을 적,赤,붉을 적,7,5급,적
的,과녁 적,白,흰 백,8,준5급,적
展,펼 전,尸,주검 시,10,준5급,전
專,오로지 전,寸,마디 촌,11,4급,전
電,번개 전,雨,비 우,13,준7급,전
傳,전할 전,人,사람 인,13,준5급,전
殿,전각 전,殳,창 수,13,준3급,전
戰,싸움 전,戈,창 과,16,준6급,전
錢,돈 전,金,쇠 금|성 김,16,4급,전
轉,구를 전,車,수레 거/차,18,4급,전
田,밭 전,田,밭 전,5,준4급,전
全,온전 전,入,들 입,6,준7급,전
甸,경기 전,田,밭 전,7,2급,전
典,법 전,八,여덟 팔,8,준5급,전
前,앞 전,刀,칼 도,9,준7급,전
絶,끊을 절,糸,실 사|가는실 멱,12,준4급,절
節,마디 절,竹,대 죽,15,준5급,절
竊,훔칠 절,穴,굴 혈,22,3급,절
切,끊을 절|온통 체,刀,칼 도,4,준5급,절
折,꺾을 절,手,손 수,7,4급,절
漸,점점 점,水,물 수,14,준3급,점
點,점 점,黑,검을 흑,17,4급,점
占,점령할/점칠 점,卜,점 복,5,4급,점
店,가게 점,广,집 엄,8,준5급,점
接,이을 접,手,손 수,11,준4급,접
蝶,나비 접,虫,벌레 훼,15,3급,접
庭,뜰 정,广,집 엄,10,준6급,정
情,뜻 정,心,마음 심,11,준5급,정
停,머물 정,人,사람 인,11,5급,정
淨,깨끗할 정,水,물 수,11,준3급,정
頂,정수리 정,頁,머리 혈,11,준3급,정
偵,염탐할 정,人,사람 인,11,2급,정
旌,기 정,方,모 방,11,2급,정
珽,옥이름 정,玉,구슬 옥,11,2급,정
程,한도/길 정,禾,벼 화,12,준4급,정
晶,맑을 정,日,날 일,12,2급,정
艇,배 정,舟,배 주,13,2급,정
楨,광나무 정,木,나무 목,13,2급,정
鼎,솥 정,鼎,솥 정,13,2급,정
精,정할 정,米,쌀 미,14,준4급,정
禎,상서로울 정,示,보일 시,14,2급,정
鄭,나라 정,邑,고을 읍,15,2급,정
靜,고요할 정,靑,푸를 청,16,4급,정
整,가지런할 정,攴,칠 복,16,4급,정
丁,고무래/장정 정,一,한 일,2,4급,정
井,우물 정,二,두 이,4,준3급,정
正,바를 정,止,그칠 지,5,준7급,정
汀,물가 정,水,물 수,5,2급,정
廷,조정 정,廴,길게걸을 인,7,준3급,정
呈,드릴 정,口,입 구,7,2급,정
定,정할 정,宀,집 면,8,6급,정
征,칠 정,彳,조금걸을 척,8,준3급,정
訂,바로잡을 정,言,말씀 언,9,3급,정
亭,정자 정,亠,돼지해머리 두,9,준3급,정
貞,곧을 정,貝,조개 패,9,준3급,정
政,정사 정,攴,칠 복,9,준4급,정
除,덜 제,阜,언덕 부,10,준4급,제
第,차례 제,竹,대 죽,11,준6급,제
祭,제사 제,示,보일 시,11,준4급,제
堤,둑 제,土,흙 토,12,3급,제
提,끌 제,手,손 수,12,준4급,제
齊,가지런할 제,齊,가지런할 제,14,준3급,제
製,지을 제,衣,옷 의,14,준4급,제
際,즈음/가 제,阜,언덕 부,14,준4급,제
諸,모두 제,言,말씀 언,16,준3급,제
劑,약제 제,刀,칼 도,16,2급,제
濟,건널 제,水,물 수,17,준4급,제
題,제목 제,頁,머리 혈,18,준6급,제
弟,아우 제,弓,활 궁,7,8급,제
制,절제할 제,刀,칼 도,8,준4급,제
帝,임금 제,巾,수건 건,9,4급,제
祖,할아비 조,示,보일 시,10,7급,조
租,조세 조,禾,벼 화,10,준3급,조
曺,성 조,曰,가로 왈,10,2급,조
祚,복 조,示,보일 시,10,2급,조
條,가지 조,木,나무 목,11,4급,조
組,짤 조,糸,실 사|가는실 멱,11,4급,조
鳥,새 조,鳥,새 조,11,준4급,조
造,지을 조,辵,쉬엄쉬엄갈 착,11,준4급,조
措,둘 조,手,손 수,11,2급,조
釣,낚을/낚시 조,金,쇠 금|성 김,11,2급,조
彫,새길 조,彡,터럭 삼,11,2급,조
朝,아침 조,月,달 월,12,6급,조
照,비칠 조,火,불 화,13,준3급,조
趙,나라 조,走,달릴 주,14,2급,조
調,고를 조,言,말씀 언,15,준5급,조
潮,밀물/조수 조,水,물 수,15,4급,조
操,잡을 조,手,손 수,16,5급,조
燥,마를 조,火,불 화,17,3급,조
弔,조상할 조,弓,활 궁,4,3급,조
兆,억조 조,儿,어진사람 인,6,준3급,조
早,이를 조,日,날 일,6,준4급,조
助,도울 조,力,힘 력,7,준4급,조
族,겨레 족,方,모 방,11,6급,족
足,발 족,足,발 족 / 족할 족,7,준7급,족
尊,높을 존,寸,마디 촌,12,준4급,존
存,있을 존,子,아들 자,6,4급,존
卒,마칠 졸,十,열 십,8,준5급,졸
拙,졸할 졸,手,손 수,8,3급,졸
終,마칠 종,糸,실 사|가는실 멱,11,5급,종
從,좇을 종,彳,조금걸을 척,11,4급,종
琮,옥홀 종,玉,구슬 옥,12,2급,종
種,씨 종,禾,벼 화,14,준5급,종
綜,모을 종,糸,실 사|가는실 멱,14,2급,종
縱,세로 종,糸,실 사|가는실 멱,17,준3급,종
鍾,쇠북 종,金,쇠 금|성 김,17,4급,종
宗,마루 종,宀,집 면,8,준4급,종
座,자리 좌,广,집 엄,10,4급,좌
左,왼 좌,工,장인 공,5,준7급,좌
佐,도울 좌,人,사람 인,7,3급,좌
坐,앉을 좌,土,흙 토,7,준3급,좌
罪,허물 죄,网,그물 망,13,5급,죄
珠,구슬 주,玉,구슬 옥,10,준3급,주
株,그루 주,木,나무 목,10,준3급,주
酒,술 주,酉,닭 유,10,4급,주
晝,낮 주,日,날 일,11,6급,주
週,주일 주,辵,쉬엄쉬엄갈 착,12,준5급,주
駐,머무를 주,馬,말 마,15,2급,주
疇,이랑 주,田,밭 전,19,2급,주
鑄,쇠불릴 주,金,쇠 금|성 김,22,준3급,주
主,임금/주인 주,丶,점 주,5,7급,주
州,고을 주,巛,내 천,6,준5급,주
舟,배 주,舟,배 주,6,3급,주
朱,붉을 주,木,나무 목,6,4급,주
住,살 주,人,사람 인,7,7급,주
走,달릴 주,走,달릴 주,7,준4급,주
注,부을 주,水,물 수,8,준6급,주
宙,집 주,宀,집 면,8,준3급,주
周,두루 주,口,입 구,8,4급,주
柱,기둥 주,木,나무 목,9,준3급,주
奏,아뢸 주,大,큰 대,9,준3급,주
洲,물가 주,水,물 수,9,준3급,주
竹,대 죽,竹,대 죽,6,준4급,죽
准,비준 준,冫,얼음 빙,10,2급,준
浚,깊게할 준,水,물 수,10,2급,준
峻,높을/준엄할 준,山,메 산,10,2급,준
埈,높을 준,土,흙 토,10,2급,준
晙,밝을 준,日,날 일,11,2급,준
準,준할 준,水,물 수,13,준4급,준
遵,좇을 준,辵,쉬엄쉬엄갈 착,16,3급,준
駿,준마 준,馬,말 마,17,2급,준
濬,깊을 준,水,물 수,17,2급,준
俊,준걸 준,人,사람 인,9,3급,준
衆,무리 중,血,피 혈,12,준4급,중
中,가운데 중,丨,뚫을 곤,4,8급,중
仲,버금 중,人,사람 인,6,준3급,중
重,무거울 중,里,마을 리,9,7급,중
卽,곧 즉,卩,병부 절,9,준3급,즉
症,증세 증,疒,병들어기댈 녁,10,준3급,증
曾,일찍 증,曰,가로 왈,12,준3급,증
蒸,찔 증,艸,풀 초,14,준3급,증
憎,미울 증,心,마음 심,15,준3급,증
增,더할 증,土,흙 토,15,준4급,증
贈,줄 증,貝,조개 패,19,3급,증
證,증거 증,言,말씀 언,19,4급,증
紙,종이 지,糸,실 사|가는실 멱,10,7급,지
脂,기름 지,肉,고기 육,10,2급,지
智,슬기/지혜 지,日,날 일,12,4급,지
誌,기록할 지,言,말씀 언,14,4급,지
遲,더딜/늦을 지,辵,쉬엄쉬엄갈 착,16,3급,지
止,그칠 지,止,그칠 지,4,5급,지
之,갈 지,丿,삐침 별,4,준3급,지
支,지탱할 지,支,지탱할 지,4,준4급,지
只,다만 지,口,입 구,5,3급,지
地,땅 지,土,흙 토,6,7급,지
池,못 지,水,물 수,6,준3급,지
至,이를 지,至,이를 지,6,준4급,지
旨,뜻 지,日,날 일,6,2급,지
志,뜻 지,心,마음 심,7,준4급,지
址,터 지,土,흙 토,7,2급,지
知,알 지,矢,화살 시,8,준5급,지
枝,가지 지,木,나무 목,8,준3급,지
芝,지초 지,艸,풀 초,8,2급,지
持,가질 지,手,손 수,9,4급,지
指,가리킬 지,手,손 수,9,준4급,지
稙,올벼 직,禾,벼 화,13,2급,직
稷,피 직,禾,벼 화,15,2급,직
織,짤 직,糸,실 사|가는실 멱,18,4급,직
職,직분 직,耳,귀 이,18,준4급,직
直,곧을 직,目,눈 목,8,준7급,직
振,떨칠 진,手,손 수,10,준3급,진
陣,진칠 진,阜,언덕 부,10,4급,진
眞,참 진,目,눈 목,10,준4급,진
秦,성 진,禾,벼 화,10,2급,진
晋,진나라 진,日,날 일,10,2급,진
陳,베풀/묵을 진,阜,언덕 부,11,준3급,진
進,나아갈 진,辵,쉬엄쉬엄갈 착,12,준4급,진
診,진찰할 진,言,말씀 언,12,2급,진
盡,다할 진,皿,그릇 명,14,4급,진
塵,티끌 진,土,흙 토,14,2급,진
震,우레 진,雨,비 우,15,준3급,진
鎭,진압할 진,金,쇠 금|성 김,18,준3급,진
辰,별 진|때 신,辰,별 진|때 신,7,준3급,진
珍,보배 진,玉,구슬 옥,9,4급,진
津,나루 진,水,물 수,9,2급,진
疾,병 질,疒,병들어기댈 녁,10,준3급,질
秩,차례 질,禾,벼 화,10,준3급,질
窒,막힐 질,穴,굴 혈,11,2급,질
質,바탕 질,貝,조개 패,15,준5급,질
姪,조카 질,女,계집 녀,9,3급,질
執,잡을 집,土,흙 토,11,준3급,집
集,모을 집,隹,새 추,12,준6급,집
輯,모을 집,車,수레 거/차,16,2급,집
徵,부를 징,彳,조금걸을 척,15,준3급,징
懲,징계할 징,心,마음 심,19,3급,징
茶,차 다|차 차,艸,풀 초,10,준3급,차
借,빌/빌릴 차,人,사람 인,10,준3급,차
差,다를 차,工,장인 공,10,4급,차
遮,가릴 차,辵,쉬엄쉬엄갈 착,15,2급,차
且,또 차,一,한 일,5,3급,차
此,이 차,止,그칠 지,6,준3급,차
次,버금 차,欠,하품 흠,6,준4급,차
車,수레 거|수레 차,車,수레 거/차,7,준7급,차
捉,잡을 착,手,손 수,10,3급,착
着,붙을 착,目,눈 목,12,준5급,착
錯,어긋날 착,金,쇠 금|성 김,16,준3급,착
餐,밥 찬,食,밥/먹을 식,16,2급,찬
璨,옥빛 찬,玉,구슬 옥,17,2급,찬
燦,빛날 찬,火,불 화,17,2급,찬
贊,도울 찬,貝,조개 패,19,준3급,찬
瓚,옥잔 찬,玉,구슬 옥,23,2급,찬
讚,기릴 찬,言,말씀 언,26,4급,찬
鑽,뚫을 찬,金,쇠 금|성 김,27,2급,찬
察,살필 찰,宀,집 면,14,준4급,찰
札,편지 찰,木,나무 목,5,2급,찰
刹,절 찰,刀,칼 도,8,2급,찰
參,참여할 참,厶,사사 사,11,준5급,참
斬,벨 참,斤,근/날 근,11,2급,참
慘,참혹할 참,心,마음 심,14,3급,참
慙,부끄러워할 참,心,마음 심,15,3급,참
倉,곳집 창,人,사람 인,10,준3급,창
窓,창 창,穴,굴 혈,11,준6급,창
唱,부를 창,口,입 구,11,5급,창
創,비롯할 창,刀,칼 도,12,준4급,창
敞,시원할 창,攴,칠 복,12,2급,창
滄,큰바다 창,水,물 수,13,2급,창
暢,화창할 창,日,날 일,14,3급,창
蒼,푸를 창,艸,풀 초,14,준3급,창
彰,드러날 창,彡,터럭 삼,14,2급,창
昌,창성할 창,日,날 일,8,준3급,창
昶,해길/트일 창,日,날 일,9,2급,창
彩,채색 채,彡,터럭 삼,11,준3급,채
採,캘 채,手,손 수,11,4급,채
埰,사패지 채,土,흙 토,11,2급,채
菜,나물 채,艸,풀 초,12,준3급,채
債,빚 채,人,사람 인,13,준3급,채
蔡,성 채,艸,풀 초,15,2급,채
采,풍채 채,釆,나눌 변,8,2급,채
責,꾸짖을 책,貝,조개 패,11,준5급,책
策,꾀 책,竹,대 죽,12,준3급,책
冊,책 책,冂,멀 경,5,4급,책
處,곳 처,虍,호피무늬 호,11,준4급,처
悽,슬퍼할 처,心,마음 심,11,2급,처
妻,아내 처,女,계집 녀,8,준3급,처
隻,외짝 척,隹,새 추,10,2급,척
陟,오를 척,阜,언덕 부,10,2급,척
戚,친척 척,戈,창 과,11,준3급,척
尺,자 척,尸,주검 시,4,준3급,척
斥,물리칠 척,斤,근/날 근,5,3급,척
刺,찌를 자|찌를 척,刀,칼 도,8,준3급,척
拓,넓힐 척,手,손 수,8,준3급,척
淺,얕을 천,水,물 수,11,준3급,천
釧,팔찌 천,金,쇠 금|성 김,11,2급,천
踐,밟을 천,足,발 족 / 족할 족,15,준3급,천
賤,천할 천,貝,조개 패,15,준3급,천
遷,옮길 천,辵,쉬엄쉬엄갈 착,15,준3급,천
薦,천거할 천,艸,풀 초,17,3급,천
千,일천 천,十,열 십,3,7급,천
川,내 천,巛,내 천,3,7급,천
天,하늘 천,大,큰 대,4,7급,천
泉,샘 천,水,물 수,9,4급,천
哲,밝을 철,口,입 구,10,준3급,철
喆,밝을/쌍길 철,口,입 구,12,2급,철
徹,통할 철,彳,조금걸을 척,15,준3급,철
撤,거둘 철,手,손 수,15,2급,철
澈,맑을 철,水,물 수,15,2급,철
鐵,쇠 철,金,쇠 금|성 김,21,5급,철
添,더할 첨,水,물 수,11,3급,첨
瞻,볼 첨,目,눈 목,18,2급,첨
尖,뾰족할 첨,小,작을 소,6,3급,첨
諜,염탐할 첩,言,말씀 언,16,2급,첩
妾,첩 첩,女,계집 녀,8,3급,첩
淸,맑을 청,水,물 수,11,준6급,청
晴,갤 청,日,날 일,12,3급,청
請,청할 청,言,말씀 언,15,준4급,청
聽,들을 청,耳,귀 이,22,4급,청
廳,관청 청,广,집 엄,25,4급,청
靑,푸를 청,靑,푸를 청,8,8급,청
逮,잡을 체,辵,쉬엄쉬엄갈 착,12,3급,체
替,바꿀 체,曰,가로 왈,12,3급,체
遞,갈릴 체,辵,쉬엄쉬엄갈 착,14,3급,체
滯,막힐 체,水,물 수,14,준3급,체
締,맺을 체,糸,실 사|가는실 멱,15,2급,체
體,몸 체,骨,뼈 골,23,준6급,체
草,풀 초,艸,풀 초,10,7급,초
哨,망볼 초,口,입 구,10,2급,초
超,뛰어넘을 초,走,달릴 주,12,준3급,초
焦,탈 초,火,불 화,12,2급,초
楚,초나라 초,木,나무 목,13,2급,초
礎,주춧돌 초,石,돌 석,18,준3급,초
初,처음 초,刀,칼 도,7,5급,초
抄,뽑을 초,手,손 수,7,3급,초
肖,닮을/같을 초,肉,고기 육,7,준3급,초
招,부를 초,手,손 수,8,4급,초
秒,분초 초,禾,벼 화,9,3급,초
蜀,나라이름 촉,虫,벌레 훼,13,2급,촉
燭,촛불 촉,火,불 화,17,3급,촉
觸,닿을 촉,角,뿔 각,20,준3급,촉
促,재촉할 촉,人,사람 인,9,준3급,촉
寸,마디 촌,寸,마디 촌,3,8급,촌
村,마을 촌,木,나무 목,7,7급,촌
銃,총 총,金,쇠 금|성 김,14,준4급,총
聰,귀밝을 총,耳,귀 이,17,3급,총
總,다 총,糸,실 사|가는실 멱,17,준4급,총
崔,성/높을 최,山,메 산,11,2급,최
最,가장 최,曰,가로 왈,12,5급,최
催,재촉할 최,人,사람 인,13,준3급,최
追,쫓을/따를 추,辵,쉬엄쉬엄갈 착,10,준3급,추
推,밀 추,手,손 수,11,4급,추
鄒,추나라 추,邑,고을 읍,13,2급,추
楸,가래 추,木,나무 목,13,2급,추
醜,추할 추,酉,닭 유,17,3급,추
趨,달아날 추,走,달릴 주,17,2급,추
抽,뽑을 추,手,손 수,8,3급,추
秋,가을 추,禾,벼 화,9,7급,추
祝,빌 축,示,보일 시,10,5급,축
畜,짐승 축,田,밭 전,10,준3급,축
逐,쫓을 축,辵,쉬엄쉬엄갈 착,11,3급,축
軸,굴대 축,車,수레 거/차,12,2급,축
蓄,모을 축,艸,풀 초,14,준4급,축
築,쌓을 축,竹,대 죽,16,준4급,축
縮,줄일 축,糸,실 사|가는실 멱,17,4급,축
蹴,찰 축,足,발 족 / 족할 족,19,2급,축
丑,소 축,一,한 일,4,3급,축
椿,참죽나무 춘,木,나무 목,13,2급,춘
春,봄 춘,日,날 일,9,7급,춘
出,날 출,凵,입벌릴 감,5,7급,출
衷,속마음 충,衣,옷 의,10,2급,충
衝,찌를 충,行,다닐 행|항렬 항,15,준3급,충
蟲,벌레 충,虫,벌레 훼,18,준4급,충
充,채울 충,儿,어진사람 인,6,준5급,충
沖,화할 충,水,물 수,7,2급,충
忠,충성 충,心,마음 심,8,준4급,충
臭,냄새 취,自,스스로 자,10,3급,취
就,나아갈 취,尢,절름발이 왕,12,4급,취
聚,모을 취,耳,귀 이,14,2급,취
醉,취할 취,酉,닭 유,15,준3급,취
趣,뜻 취,走,달릴 주,15,4급,취
吹,불 취,口,입 구,7,준3급,취
取,가질 취,又,또 우,8,준4급,취
炊,불땔 취,火,불 화,8,2급,취
側,곁 측,人,사람 인,11,준3급,측
測,헤아릴 측,水,물 수,12,준4급,측
層,층 층,尸,주검 시,15,4급,층
致,이를 치,至,이를 지,10,5급,치
値,값 치,人,사람 인,10,준3급,치
恥,부끄러울 치,心,마음 심,10,준3급,치
稚,어릴 치,禾,벼 화,13,준3급,치
置,둘 치,网,그물 망,13,준4급,치
雉,꿩 치,隹,새 추,13,2급,치
齒,이 치,齒,이 치,15,준4급,치
治,다스릴 치,水,물 수,8,준4급,치
峙,언덕 치,山,메 산,9,2급,치
則,법칙 칙,刀,칼 도,9,5급,칙
親,친할 친,見,볼 견|뵈올 현,16,6급,친
漆,옻 칠,水,물 수,14,준3급,칠
七,일곱 칠,一,한 일,2,8급,칠
浸,잠길 침,水,물 수,10,준3급,침
針,바늘 침,金,쇠 금|성 김,10,4급,침
寢,잘 침,宀,집 면,14,4급,침
沈,잠길 침|성씨 심,水,물 수,7,준3급,침
枕,베개 침,木,나무 목,8,3급,침
侵,침노할 침,人,사람 인,9,준4급,침
稱,일컬을 칭,禾,벼 화,14,4급,칭
快,쾌할 쾌,心,마음 심,7,준4급,쾌
墮,떨어질 타,土,흙 토,15,3급,타
他,다를 타,人,사람 인,5,5급,타
打,칠 타,手,손 수,5,5급,타
妥,온당할 타,女,계집 녀,7,3급,타
託,부탁할 탁,言,말씀 언,10,2급,탁
琢,다듬을 탁,玉,구슬 옥,12,2급,탁
濁,흐릴 탁,水,물 수,16,3급,탁
濯,씻을 탁,水,물 수,17,3급,탁
托,맡길 탁,手,손 수,6,3급,탁
卓,높을 탁,十,열 십,8,5급,탁
誕,낳을/거짓 탄,言,말씀 언,14,3급,탄
歎,탄식할 탄,欠,하품 흠,15,4급,탄
彈,탄알 탄,弓,활 궁,15,4급,탄
灘,여울 탄,水,물 수,22,2급,탄
炭,숯 탄,火,불 화,9,5급,탄
脫,벗을 탈,肉,고기 육,11,4급,탈
奪,빼앗을 탈,大,큰 대,14,준3급,탈
耽,즐길 탐,耳,귀 이,10,2급,탐
貪,탐할 탐,貝,조개 패,11,3급,탐
探,찾을 탐,手,손 수,11,4급,탐
塔,탑 탑,土,흙 토,13,준3급,탑
湯,끓일 탕,水,물 수,12,준3급,탕
泰,클 태,水,물 수,10,준3급,태
態,모습 태,心,마음 심,14,준4급,태
颱,태풍 태,風,바람 풍,14,2급,태
太,클 태,大,큰 대,4,6급,태
台,별 태,口,입 구,5,2급,태
兌,바꿀/기쁠 태,儿,어진사람 인,7,2급,태
怠,게으를 태,心,마음 심,9,3급,태
殆,거의 태,歹,뼈앙상할 알|나쁠 대,9,준3급,태
胎,아이밸 태,肉,고기 육,9,2급,태
澤,못 택,水,물 수,16,준3급,택
擇,가릴 택,手,손 수,16,4급,택
宅,집 택,宀,집 면,6,준5급,택
討,칠 토,言,말씀 언,10,4급,토
土,흙 토,土,흙 토,3,8급,토
吐,토할 토,口,입 구,6,준3급,토
兔,토끼 토,儿,어진사람 인,8,준3급,토
通,통할 통,辵,쉬엄쉬엄갈 착,11,6급,통
痛,아플 통,疒,병들어기댈 녁,12,4급,통
統,거느릴 통,糸,실 사|가는실 멱,12,준4급,통
退,물러날 퇴,辵,쉬엄쉬엄갈 착,10,준4급,퇴
透,사무칠 투,辵,쉬엄쉬엄갈 착,11,준3급,투
鬪,싸움 투,鬥,싸울 투,20,4급,투
投,던질 투,手,손 수,7,4급,투
特,특별할 특,牛,소 우,10,6급,특
破,깨뜨릴 파,石,돌 석,10,준4급,파
頗,자못 파,頁,머리 혈,14,3급,파
播,뿌릴 파,手,손 수,15,3급,파
罷,마칠 파,网,그물 망,15,3급,파
把,잡을 파,手,손 수,7,3급,파
波,물결 파,水,물 수,8,준4급,파
坡,언덕 파,土,흙 토,8,2급,파
派,갈래 파,水,물 수,9,4급,파
販,팔 판,貝,조개 패,11,3급,판
判,판단할 판,刀,칼 도,7,4급,판
阪,언덕 판,阜,언덕 부,7,2급,판
板,널 판,木,나무 목,8,5급,판
版,판목 판,片,조각 편,8,준3급,판
八,여덟 팔,八,여덟 팔,2,8급,팔
敗,패할 패,攴,칠 복,11,5급,패
霸,으뜸 패,雨,비 우,21,2급,패
貝,조개 패,貝,조개 패,7,3급,패
彭,성 팽,彡,터럭 삼,12,2급,팽
偏,치우칠 편,人,사람 인,11,준3급,편
遍,두루 편,辵,쉬엄쉬엄갈 착,13,3급,편
編,엮을 편,糸,실 사|가는실 멱,15,준3급,편
篇,책 편,竹,대 죽,15,4급,편
片,조각 편,片,조각 편,4,준3급,편
便,편할 편|똥오줌 변,人,사람 인,9,7급,편
扁,작을 편,戶,집 호,9,2급,편
評,평할 평,言,말씀 언,12,4급,평
平,평평할 평,干,방패 간,5,준7급,평
坪,들 평,土,흙 토,8,2급,평
閉,닫을 폐,門,문 문,11,4급,폐
幣,화폐 폐,巾,수건 건,15,3급,폐
廢,폐할/버릴 폐,广,집 엄,15,준3급,폐
弊,폐단/해질 폐,廾,받들 공,15,준3급,폐
蔽,덮을 폐,艸,풀 초,16,3급,폐
肺,허파 폐,肉,고기 육,8,준3급,폐
捕,잡을 포,手,손 수,10,준3급,포
浦,개 포,水,물 수,10,준3급,포
砲,대포 포,石,돌 석,10,준4급,포
葡,포도 포,艸,풀 초,13,2급,포
飽,배부를 포,食,밥/먹을 식,14,3급,포
鋪,펼/가게 포,金,쇠 금|성 김,15,2급,포
鮑,절인물고기 포,魚,고기/물고기 어,16,2급,포
包,쌀 포,勹,쌀 포,5,준4급,포
布,베/펼 포|보시 보,巾,수건 건,5,준4급,포
抛,던질 포,手,손 수,7,2급,포
抱,안을 포,手,손 수,8,3급,포
怖,두려워할 포,心,마음 심,8,2급,포
胞,세포 포,肉,고기 육,9,4급,포
幅,폭 폭,巾,수건 건,12,3급,폭
暴,사나울 폭|모질 포,日,날 일,15,준4급,폭
爆,불터질 폭,火,불 화,19,4급,폭
票,표 표,示,보일 시,11,준4급,표
漂,떠다닐 표,水,물 수,14,3급,표
標,표할 표,木,나무 목,15,4급,표
杓,북두자루 표,木,나무 목,7,2급,표
表,겉 표,衣,옷 의,8,준6급,표
品,물건 품,口,입 구,9,준5급,품
馮,탈 빙|성 풍,馬,말 마,12,2급,풍
楓,단풍 풍,木,나무 목,13,준3급,풍
豊,풍년 풍,豆,콩 두,13,준4급,풍
風,바람 풍,風,바람 풍,9,준6급,풍
被,입을 피,衣,옷 의,10,준3급,피
疲,피곤할 피,疒,병들어기댈 녁,10,4급,피
避,피할 피,辵,쉬엄쉬엄갈 착,17,4급,피
皮,가죽 피,皮,가죽 피,5,준3급,피
彼,저 피,彳,조금걸을 척,8,준3급,피
畢,마칠 필,田,밭 전,11,준3급,필
筆,붓 필,竹,대 죽,12,준5급,필
弼,도울 필,弓,활 궁,12,2급,필
匹,짝 필,匸,감출 혜,4,3급,필
必,반드시 필,心,마음 심,5,준5급,필
泌,분비할 비|스며흐를 필,水,물 수,8,2급,필
夏,여름 하,夊,천천히걸을 쇠,10,7급,하
荷,멜 하,艸,풀 초,11,준3급,하
賀,하례할 하,貝,조개 패,12,준3급,하
下,아래 하,一,한 일,3,준7급,하
何,어찌 하,人,사람 인,7,준3급,하
河,물 하,水,물 수,8,5급,하
學,배울 학,子,아들 자,16,8급,학
鶴,학 학,鳥,새 조,21,준3급,학
虐,모질 학,虍,호피무늬 호,9,2급,학
寒,찰 한,宀,집 면,12,5급,한
閑,한가할 한,門,문 문,12,4급,한
漢,한수/한나라 한,水,물 수,14,준7급,한
翰,편지 한,羽,깃 우,16,2급,한
韓,한국/나라 한,韋,가죽 위,17,8급,한
汗,땀 한,水,물 수,6,준3급,한
旱,가물 한,日,날 일,7,3급,한
恨,한 한,心,마음 심,9,4급,한
限,한할 한,阜,언덕 부,9,준4급,한
割,벨 할,刀,칼 도,12,준3급,할
陷,빠질 함,阜,언덕 부,11,준3급,함
艦,큰배 함,舟,배 주,20,2급,함
含,머금을 함,口,입 구,7,준3급,함
咸,다 함,口,입 구,9,3급,함
陜,좁을 협|땅이름 합,阜,언덕 부,10,2급,합
合,합할 합,口,입 구,6,6급,합
航,배 항,舟,배 주,10,준4급,항
項,항목 항,頁,머리 혈,12,준3급,항
港,항구 항,水,물 수,12,준4급,항
亢,높을 항,亠,돼지해머리 두,4,2급,항
抗,겨룰 항,手,손 수,7,4급,항
沆,넓을 항,水,물 수,7,2급,항
巷,거리 항,己,몸 기,9,3급,항
恒,항상 항,心,마음 심,9,준3급,항
海,바다 해,水,물 수,10,준7급,해
害,해할 해,宀,집 면,10,준5급,해
奚,어찌 해,大,큰 대,10,3급,해
該,갖출/마땅 해,言,말씀 언,13,3급,해
解,풀 해,角,뿔 각,13,준4급,해
亥,돼지 해,亠,돼지해머리 두,6,3급,해
核,씨 핵,木,나무 목,10,4급,핵
行,다닐 행|항렬 항,行,다닐 행|항렬 항,6,6급,행
杏,살구 행,木,나무 목,7,2급,행
幸,다행 행,干,방패 간,8,준6급,행
鄕,시골 향,邑,고을 읍,13,준4급,향
響,울릴 향,音,소리 음,22,준3급,향
向,향할 향,口,입 구,6,6급,향
享,누릴 향,亠,돼지해머리 두,8,3급,향
香,향기 향,香,향기 향,9,준4급,향
許,허락할 허,言,말씀 언,11,5급,허
虛,빌 허,虍,호피무늬 호,12,준4급,허
軒,집 헌,車,수레 거/차,10,3급,헌
憲,법 헌,心,마음 심,16,4급,헌
獻,드릴 헌,犬,개 견,20,준3급,헌
險,험할 험,阜,언덕 부,16,4급,험
驗,시험 험,馬,말 마,23,준4급,험
赫,빛날 혁,赤,붉을 적,14,2급,혁
爀,불빛 혁,火,불 화,18,2급,혁
革,가죽 혁,革,가죽 혁,9,4급,혁
峴,고개 현,山,메 산,10,2급,현
現,나타날 현,玉,구슬 옥,11,준6급,현
絃,줄 현,糸,실 사|가는실 멱,11,3급,현
鉉,솥귀 현,金,쇠 금|성 김,13,2급,현
賢,어질 현,貝,조개 패,15,준4급,현
縣,고을 현,糸,실 사|가는실 멱,16,3급,현
懸,달 현,心,마음 심,20,준3급,현
顯,나타날 현,頁,머리 혈,23,4급,현
玄,검을 현,玄,검을 현,5,준3급,현
弦,시위 현,弓,활 궁,8,2급,현
炫,밝을 현,火,불 화,9,2급,현
穴,굴 혈,穴,굴 혈,5,준3급,혈
血,피 혈,血,피 혈,6,준4급,혈
嫌,싫어할 혐,女,계집 녀,13,3급,혐
脅,위협할 협,肉,고기 육,10,준3급,협
峽,골짜기 협,山,메 산,10,2급,협
協,화할 협,十,열 십,8,준4급,협
螢,반딧불 형,虫,벌레 훼,16,3급,형
衡,저울대 형,行,다닐 행|항렬 항,16,준3급,형
瀅,물맑을 형,水,물 수,18,2급,형
馨,꽃다울 형,香,향기 향,20,2급,형
兄,형 형,儿,어진사람 인,5,8급,형
刑,형벌 형,刀,칼 도,6,4급,형
形,모양 형,彡,터럭 삼,7,준6급,형
亨,형통할 형,亠,돼지해머리 두,7,3급,형
邢,성 형,邑,고을 읍,7,2급,형
型,모형 형,土,흙 토,9,2급,형
炯,빛날 형,火,불 화,9,2급,형
惠,은혜 혜,心,마음 심,12,준4급,혜
慧,슬기로울 혜,心,마음 심,15,준3급,혜
兮,어조사 혜,八,여덟 팔,4,3급,혜
浩,넓을 호,水,물 수,10,준3급,호
祜,복 호,示,보일 시,10,2급,호
毫,터럭 호,毛,털 모,11,3급,호
扈,따를 호,戶,집 호,11,2급,호
晧,밝을 호,日,날 일,11,2급,호
湖,호수 호,水,물 수,12,5급,호
皓,흴 호,白,흰 백,12,2급,호
號,이름 호,虍,호피무늬 호,13,6급,호
豪,호걸 호,豕,돼지 시,14,준3급,호
澔,넓을 호,水,물 수,15,2급,호
濠,호주 호,水,물 수,17,2급,호
壕,해자 호,土,흙 토,17,2급,호
鎬,호경 호,金,쇠 금|성 김,18,2급,호
護,도울 호,言,말씀 언,21,준4급,호
互,서로 호,二,두 이,4,3급,호
戶,집 호,戶,집 호,4,준4급,호
乎,어조사 호,丿,삐침 별,5,3급,호
好,좋을 호,女,계집 녀,6,준4급,호
虎,범 호,虍,호피무늬 호,8,준3급,호
呼,부를 호,口,입 구,8,준4급,호
昊,하늘 호,日,날 일,8,2급,호
胡,되 호,肉,고기 육,9,준3급,호
惑,미혹할 혹,心,마음 심,12,준3급,혹
酷,심할 혹,酉,닭 유,14,2급,혹
或,혹 혹,戈,창 과,8,4급,혹
婚,혼인할 혼,女,계집 녀,11,4급,혼
混,섞일 혼,水,물 수,11,4급,혼
魂,넋 혼,鬼,귀신 귀,14,준3급,혼
昏,어두울 혼,日,날 일,8,3급,혼
忽,갑자기 홀,心,마음 심,8,준3급,홀
鴻,기러기 홍,鳥,새 조,17,3급,홍
弘,클 홍,弓,활 궁,5,3급,홍
泓,물깊을 홍,水,물 수,8,2급,홍
洪,넓을 홍,水,물 수,9,준3급,홍
紅,붉을 홍,糸,실 사|가는실 멱,9,4급,홍
華,빛날 화,艸,풀 초,11,4급,화
貨,재물 화,貝,조개 패,11,준4급,화
畫,그림 화|그을 획,田,밭 전,12,6급,화
話,말씀 화,言,말씀 언,13,준7급,화
靴,신 화,革,가죽 혁,13,2급,화
禍,재앙 화,示,보일 시,14,준3급,화
嬅,탐스러울 화,女,계집 녀,14,2급,화
樺,벚나무/자작나무 화,木,나무 목,15,2급,화
火,불 화,火,불 화,4,8급,화
化,될 화,匕,비수 비,4,준5급,화
禾,벼 화,禾,벼 화,5,3급,화
花,꽃 화,艸,풀 초,8,7급,화
和,화할 화,口,입 구,8,준6급,화
確,굳을 확,石,돌 석,15,준4급,확
擴,넓힐 확,手,손 수,18,3급,확
穫,거둘 확,禾,벼 화,19,3급,확
桓,굳셀 환,木,나무 목,10,2급,환
患,근심 환,心,마음 심,11,5급,환
換,바꿀 환,手,손 수,12,준3급,환
煥,빛날 환,火,불 화,13,2급,환
還,돌아올 환,辵,쉬엄쉬엄갈 착,17,준3급,환
環,고리 환,玉,구슬 옥,17,4급,환
歡,기쁠 환,欠,하품 흠,22,4급,환
丸,둥글 환,丶,점 주,3,3급,환
幻,헛보일 환,幺,작을 요,4,2급,환
活,살 활,水,물 수,9,준7급,활
荒,거칠 황,艸,풀 초,10,준3급,황
晃,밝을 황,日,날 일,10,2급,황
黃,누를 황,黃,누를 황,12,6급,황
滉,깊을 황,水,물 수,13,2급,황
況,상황 황,水,물 수,8,4급,황
皇,임금 황,白,흰 백,9,준3급,황
悔,뉘우칠 회,心,마음 심,10,준3급,회
淮,물이름 회,水,물 수,11,2급,회
會,모일 회,曰,가로 왈,13,준6급,회
檜,전나무 회,木,나무 목,17,2급,회
懷,품을 회,心,마음 심,19,준3급,회
灰,재 회,火,불 화,6,4급,회
回,돌아올 회,囗,에워쌀 위|나라 국,6,준4급,회
廻,돌 회,廴,길게걸을 인,9,2급,회
劃,그을 획,刀,칼 도,14,준3급,획
獲,얻을 획,犬,개 견,17,준3급,획
橫,가로 횡,木,나무 목,16,준3급,횡
效,본받을 효,攴,칠 복,10,준5급,효
曉,새벽 효,日,날 일,16,3급,효
孝,효도 효,子,아들 자,7,준7급,효
候,기후 후,人,사람 인,10,4급,후
喉,목구멍 후,口,입 구,12,2급,후
后,임금/왕후 후,口,입 구,6,2급,후
後,뒤 후,彳,조금걸을 척,9,준7급,후
侯,제후 후,人,사람 인,9,3급,후
厚,두터울 후,厂,기슭 한,9,4급,후
訓,가르칠 훈,言,말씀 언,10,6급,훈
熏,불길 훈,火,불 화,14,2급,훈
勳,공 훈,力,힘 력,16,2급,훈
壎,질나팔 훈,土,흙 토,17,2급,훈
薰,향풀 훈,艸,풀 초,18,2급,훈
毁,헐 훼,殳,창 수,13,3급,훼
揮,휘두를 휘,手,손 수,12,4급,휘
輝,빛날 휘,車,수레 거/차,15,3급,휘
徽,아름다울 휘,彳,조금걸을 척,17,2급,휘
烋,아름다울 휴,火,불 화,10,2급,휴
携,이끌 휴,手,손 수,13,3급,휴
休,쉴 휴,人,사람 인,6,7급,휴
胸,가슴 흉,肉,고기 육,10,준3급,흉
凶,흉할 흉,凵,입벌릴 감,4,준5급,흉
匈,오랑캐 흉,勹,쌀 포,6,2급,흉
黑,검을 흑,黑,검을 흑,12,5급,흑
欽,공경할 흠,欠,하품 흠,12,2급,흠
吸,마실 흡,口,입 구,7,준4급,흡
興,일 흥,臼,절구 구,16,준4급,흥
稀,드물 희,禾,벼 화,12,준3급,희
喜,기쁠 희,口,입 구,12,4급,희
熙,빛날 희,火,불 화,14,2급,희
嬉,아름다울 희,女,계집 녀,15,2급,희
噫,한숨쉴 희,口,입 구,16,2급,희
熹,빛날 희,火,불 화,16,2급,희
憙,기뻐할 희,心,마음 심,16,2급,희
羲,복희 희,羊,양 양,16,2급,희
戲,놀이 희,戈,창 과,17,준3급,희
禧,복 희,示,보일 시,17,2급,희
希,바랄 희,巾,수건 건,7,준4급,희
姬,계집 희,女,계집 녀,9,2급,희
